{
  "dataset": "oxfordpets",
  "seed": 0,
  "shots": 16,
  "mapping": "blmp",
  "head_select": "test_kl",
  "prime_criterion": "kl",
  "norm": "imagenet",
  "epochs": 200,
  "lr": 0.01,
  "eval_every": 1,
  "n_train": 592,
  "n_test": 3669,
  "best_test_acc": 0.8045789043336059,
  "best_epoch": 18,
  "final_test_acc": 0.776778413736713,
  "curves": {
    "train_acc": [
      0.7364864864864865,
      0.7601351351351351,
      0.7702702702702703,
      0.7837837837837838,
      0.793918918918919,
      0.793918918918919,
      0.8074324324324325,
      0.8158783783783784,
      0.8192567567567568,
      0.8175675675675675,
      0.8344594594594594,
      0.8327702702702703,
      0.8378378378378378,
      0.8496621621621622,
      0.8597972972972973,
      0.8496621621621622,
      0.8496621621621622,
      0.8665540540540541,
      0.8682432432432432,
      0.8716216216216216,
      0.875,
      0.8783783783783784,
      0.8918918918918919,
      0.902027027027027,
      0.8834459459459459,
      0.893581081081081,
      0.8766891891891891,
      0.8851351351351351,
      0.9054054054054054,
      0.910472972972973,
      0.9003378378378378,
      0.8986486486486487,
      0.918918918918919,
      0.9239864864864865,
      0.9256756756756757,
      0.9239864864864865,
      0.9375,
      0.9290540540540541,
      0.9493243243243243,
      0.9442567567567568,
      0.9459459459459459,
      0.9324324324324325,
      0.9493243243243243,
      0.9375,
      0.9510135135135135,
      0.9695945945945946,
      0.9763513513513513,
      0.9831081081081081,
      0.9746621621621622,
      0.9763513513513513,
      0.9662162162162162,
      0.9763513513513513,
      0.9797297297297297,
      0.972972972972973,
      0.981418918918919,
      0.9898648648648649,
      0.9949324324324325,
      0.9966216216216216,
      0.9932432432432432,
      0.9898648648648649,
      0.9881756756756757,
      0.9949324324324325,
      0.9966216216216216,
      0.9966216216216216,
      0.9983108108108109,
      0.9966216216216216,
      0.9983108108108109,
      1.0,
      0.9983108108108109,
      0.9983108108108109,
      1.0,
      1.0,
      0.9983108108108109,
      0.9983108108108109,
      0.9983108108108109,
      1.0,
      1.0,
      1.0,
      1.0,
      1.0,
      1.0,
      1.0,
      1.0,
      1.0,
      1.0,
      1.0,
      1.0,
      1.0,
      1.0,
      1.0,
      1.0,
      1.0,
      1.0,
      1.0,
      1.0,
      1.0,
      1.0,
      1.0,
      1.0,
      1.0,
      1.0,
      1.0,
      1.0,
      1.0,
      1.0,
      1.0,
      1.0,
      1.0,
      1.0,
      1.0,
      1.0,
      1.0,
      1.0,
      1.0,
      1.0,
      1.0,
      1.0,
      1.0,
      1.0,
      1.0,
      1.0,
      1.0,
      1.0,
      1.0,
      1.0,
      1.0,
      1.0,
      1.0,
      1.0,
      1.0,
      1.0,
      1.0,
      1.0,
      1.0,
      1.0,
      1.0,
      1.0,
      1.0,
      1.0,
      1.0,
      1.0,
      1.0,
      1.0,
      1.0,
      1.0,
      1.0,
      1.0,
      1.0,
      1.0,
      1.0,
      1.0,
      1.0,
      1.0,
      1.0,
      1.0,
      1.0,
      1.0,
      1.0,
      1.0,
      1.0,
      1.0,
      1.0,
      1.0,
      1.0,
      1.0,
      1.0,
      1.0,
      1.0,
      1.0,
      1.0,
      1.0,
      1.0,
      1.0,
      1.0,
      1.0,
      1.0,
      1.0,
      1.0,
      1.0,
      1.0,
      1.0,
      1.0,
      1.0,
      1.0,
      1.0,
      1.0,
      1.0,
      1.0,
      1.0,
      1.0,
      1.0,
      1.0,
      1.0,
      1.0,
      1.0,
      1.0,
      1.0,
      1.0,
      1.0,
      1.0
    ],
    "test_acc": {
      "0": 0.7443445080403379,
      "1": 0.7759607522485691,
      "2": 0.7800490596892886,
      "3": 0.7781411828836196,
      "4": 0.7825020441537204,
      "5": 0.7865903515944399,
      "6": 0.7814118288361952,
      "7": 0.7756881984191878,
      "8": 0.7833197056418643,
      "9": 0.7865903515944399,
      "10": 0.7819569364949578,
      "11": 0.7953120741346416,
      "12": 0.791223766693922,
      "13": 0.7942218588171164,
      "14": 0.8032161351866993,
      "15": 0.7936767511583538,
      "16": 0.8021259198691741,
      "17": 0.7969473971109294,
      "18": 0.8045789043336059,
      "19": 0.8013082583810303,
      "20": 0.8013082583810303,
      "21": 0.7914963205233033,
      "22": 0.7977650585990733,
      "23": 0.7835922594712456,
      "24": 0.7895884437176343,
      "25": 0.7909512128645407,
      "26": 0.7961297356227856,
      "27": 0.8026710275279367,
      "28": 0.7961297356227856,
      "29": 0.7936767511583538,
      "30": 0.7934041973289725,
      "31": 0.7961297356227856,
      "32": 0.788498228400109,
      "33": 0.7871354592532025,
      "34": 0.7816843826655765,
      "35": 0.7969473971109294,
      "36": 0.7895884437176343,
      "37": 0.7855001362769147,
      "38": 0.7944944126464977,
      "39": 0.791223766693922,
      "40": 0.7931316434995912,
      "41": 0.7890433360588717,
      "42": 0.7805941673480512,
      "43": 0.788498228400109,
      "44": 0.794766966475879,
      "45": 0.7816843826655765,
      "46": 0.7991278277459798,
      "47": 0.7844099209593894,
      "48": 0.7890433360588717,
      "49": 0.7819569364949578,
      "50": 0.788498228400109,
      "51": 0.7814118288361952,
      "52": 0.7833197056418643,
      "53": 0.7865903515944399,
      "54": 0.788498228400109,
      "55": 0.7925865358408286,
      "56": 0.7729626601253747,
      "57": 0.7852275824475334,
      "58": 0.7803216135186699,
      "59": 0.7803216135186699,
      "60": 0.7811392750068138,
      "61": 0.779503952030526,
      "62": 0.7789588443717634,
      "63": 0.7781411828836196,
      "64": 0.7827745979831017,
      "65": 0.7800490596892886,
      "66": 0.7855001362769147,
      "67": 0.7805941673480512,
      "68": 0.7781411828836196,
      "69": 0.7825020441537204,
      "70": 0.7751430907604252,
      "71": 0.7835922594712456,
      "72": 0.7702371218315618,
      "73": 0.777596075224857,
      "74": 0.7792313982011447,
      "75": 0.7729626601253747,
      "76": 0.7838648133006269,
      "77": 0.7759607522485691,
      "78": 0.783047151812483,
      "79": 0.7803216135186699,
      "80": 0.7756881984191878,
      "81": 0.7805941673480512,
      "82": 0.7803216135186699,
      "83": 0.7765058599073317,
      "84": 0.7863177977650586,
      "85": 0.7762333060779504,
      "86": 0.776778413736713,
      "87": 0.7844099209593894,
      "88": 0.7754156445898065,
      "89": 0.7773235213954756,
      "90": 0.7770509675660943,
      "91": 0.7789588443717634,
      "92": 0.7762333060779504,
      "93": 0.7789588443717634,
      "94": 0.7773235213954756,
      "95": 0.7781411828836196,
      "96": 0.776778413736713,
      "97": 0.7797765058599073,
      "98": 0.7786862905423821,
      "99": 0.7811392750068138,
      "100": 0.7811392750068138,
      "101": 0.7784137367130008,
      "102": 0.7773235213954756,
      "103": 0.7786862905423821,
      "104": 0.7778686290542383,
      "105": 0.7789588443717634,
      "106": 0.7781411828836196,
      "107": 0.777596075224857,
      "108": 0.7792313982011447,
      "109": 0.7784137367130008,
      "110": 0.7773235213954756,
      "111": 0.7784137367130008,
      "112": 0.7792313982011447,
      "113": 0.7778686290542383,
      "114": 0.7781411828836196,
      "115": 0.7784137367130008,
      "116": 0.7778686290542383,
      "117": 0.7786862905423821,
      "118": 0.7778686290542383,
      "119": 0.777596075224857,
      "120": 0.7770509675660943,
      "121": 0.7786862905423821,
      "122": 0.7808667211774325,
      "123": 0.7784137367130008,
      "124": 0.7786862905423821,
      "125": 0.7778686290542383,
      "126": 0.7784137367130008,
      "127": 0.7781411828836196,
      "128": 0.7792313982011447,
      "129": 0.779503952030526,
      "130": 0.779503952030526,
      "131": 0.7773235213954756,
      "132": 0.7784137367130008,
      "133": 0.7786862905423821,
      "134": 0.779503952030526,
      "135": 0.7778686290542383,