{
  "dataset": "oxfordpets",
  "seed": 2,
  "shots": 16,
  "mapping": "blmp",
  "head_select": "test_kl",
  "prime_criterion": "kl",
  "norm": "imagenet",
  "epochs": 200,
  "lr": 0.01,
  "eval_every": 1,
  "n_train": 592,
  "n_test": 3669,
  "best_test_acc": 0.7961297356227856,
  "best_epoch": 31,
  "final_test_acc": 0.7642409375851731,
  "curves": {
    "train_acc": [
      0.7280405405405406,
      0.7516891891891891,
      0.7668918918918919,
      0.777027027027027,
      0.8040540540540541,
      0.7956081081081081,
      0.8057432432432432,
      0.8006756756756757,
      0.8243243243243243,
      0.8243243243243243,
      0.8277027027027027,
      0.8412162162162162,
      0.8496621621621622,
      0.8327702702702703,
      0.8496621621621622,
      0.8547297297297297,
      0.8597972972972973,
      0.8614864864864865,
      0.8614864864864865,
      0.8716216216216216,
      0.8766891891891891,
      0.875,
      0.8851351351351351,
      0.8969594594594594,
      0.8800675675675675,
      0.8986486486486487,
      0.8834459459459459,
      0.8986486486486487,
      0.8918918918918919,
      0.9121621621621622,
      0.9070945945945946,
      0.9121621621621622,
      0.9155405405405406,
      0.9206081081081081,
      0.9087837837837838,
      0.9121621621621622,
      0.9222972972972973,
      0.9425675675675675,
      0.956081081081081,
      0.9408783783783784,
      0.9527027027027027,
      0.972972972972973,
      0.9577702702702703,
      0.9442567567567568,
      0.9577702702702703,
      0.9746621621621622,
      0.9763513513513513,
      0.9797297297297297,
      0.9780405405405406,
      0.964527027027027,
      0.9763513513513513,
      0.9712837837837838,
      0.9847972972972973,
      0.981418918918919,
      0.9510135135135135,
      0.9679054054054054,
      0.9864864864864865,
      0.9881756756756757,
      0.9898648648648649,
      0.9915540540540541,
      0.9932432432432432,
      0.9881756756756757,
      0.9966216216216216,
      0.9966216216216216,
      0.9949324324324325,
      0.9983108108108109,
      0.9932432432432432,
      1.0,
      1.0,
      0.9983108108108109,
      1.0,
      1.0,
      1.0,
      1.0,
      1.0,
      1.0,
      1.0,
      1.0,
      1.0,
      1.0,
      1.0,
      1.0,
      1.0,
      1.0,
      1.0,
      1.0,
      1.0,
      1.0,
      1.0,
      1.0,
      1.0,
      1.0,
      1.0,
      1.0,
      1.0,
      1.0,
      1.0,
      1.0,
      1.0,
      1.0,
      1.0,
      1.0,
      1.0,
      1.0,
      1.0,
      1.0,
      1.0,
      1.0,
      1.0,
      1.0,
      1.0,
      1.0,
      1.0,
      1.0,
      1.0,
      1.0,
      1.0,
      1.0,
      1.0,
      1.0,
      1.0,
      1.0,
      1.0,
      1.0,
      1.0,
      1.0,
      1.0,
      1.0,
      1.0,
      1.0,
      1.0,
      1.0,
      1.0,
      1.0,
      1.0,
      1.0,
      1.0,
      1.0,
      1.0,
      1.0,
      1.0,
      1.0,
      1.0,
      1.0,
      1.0,
      1.0,
      1.0,
      1.0,
      1.0,
      1.0,
      1.0,
      1.0,
      1.0,
      1.0,
      1.0,
      1.0,
      1.0,
      1.0,
      1.0,
      1.0,
      1.0,
      1.0,
      1.0,
      1.0,
      1.0,
      1.0,
      1.0,
      1.0,
      1.0,
      1.0,
      1.0,
      1.0,
      1.0,
      1.0,
      1.0,
      1.0,
      1.0,
      1.0,
      1.0,
      1.0,
      1.0,
      1.0,
      1.0,
      1.0,
      1.0,
      1.0,
      1.0,
      1.0,
      1.0,
      1.0,
      1.0,
      1.0,
      1.0,
      1.0,
      1.0,
      1.0,
      1.0,
      1.0,
      1.0,
      1.0
    ],
    "test_acc": {
      "0": 0.7555192150449714,
      "1": 0.7555192150449714,
      "2": 0.7664213682202234,
      "3": 0.7724175524666121,
      "4": 0.7702371218315618,
      "5": 0.7822294903243391,
      "6": 0.7748705369310439,
      "7": 0.783047151812483,
      "8": 0.7811392750068138,
      "9": 0.7835922594712456,
      "10": 0.7816843826655765,
      "11": 0.7944944126464977,
      "12": 0.7833197056418643,
      "13": 0.785772690106296,
      "14": 0.7844099209593894,
      "15": 0.7925865358408286,
      "16": 0.7874080130825838,
      "17": 0.7865903515944399,
      "18": 0.785772690106296,
      "19": 0.7786862905423821,
      "20": 0.788498228400109,
      "21": 0.7778686290542383,
      "22": 0.7917688743526846,
      "23": 0.7923139820114473,
      "24": 0.7876805669119651,
      "25": 0.7890433360588717,
      "26": 0.7936767511583538,
      "27": 0.7841373671300081,
      "28": 0.7803216135186699,
      "29": 0.7833197056418643,
      "30": 0.7784137367130008,
      "31": 0.7961297356227856,
      "32": 0.7770509675660943,
      "33": 0.7816843826655765,
      "34": 0.7860452439356773,
      "35": 0.7936767511583538,
      "36": 0.7778686290542383,
      "37": 0.7953120741346416,
      "38": 0.7773235213954756,
      "39": 0.7792313982011447,
      "40": 0.777596075224857,
      "41": 0.7833197056418643,
      "42": 0.7726901062959934,
      "43": 0.776778413736713,
      "44": 0.7740528754429,
      "45": 0.785772690106296,
      "46": 0.7737803216135186,
      "47": 0.771327337149087,
      "48": 0.7683292450258926,
      "49": 0.7846824747887707,
      "50": 0.7759607522485691,
      "51": 0.7721449986372309,
      "52": 0.7729626601253747,
      "53": 0.7590624148269283,
      "54": 0.7715998909784683,
      "55": 0.7784137367130008,
      "56": 0.7805941673480512,
      "57": 0.7784137367130008,
      "58": 0.7751430907604252,
      "59": 0.7803216135186699,
      "60": 0.76778413736713,
      "61": 0.7822294903243391,
      "62": 0.7691469065140365,
      "63": 0.7756881984191878,
      "64": 0.7661488143908421,
      "65": 0.7756881984191878,
      "66": 0.776778413736713,
      "67": 0.7639683837557918,
      "68": 0.7721449986372309,
      "69": 0.7688743526846552,
      "70": 0.7759607522485691,
      "71": 0.7691469065140365,
      "72": 0.7666939220496048,
      "73": 0.7612428454619787,
      "74": 0.7705096756609431,
      "75": 0.7745979831016626,
      "76": 0.7715998909784683,
      "77": 0.7669664758789861,
      "78": 0.7748705369310439,
      "79": 0.7653311529026983,
      "80": 0.7683292450258926,
      "81": 0.7669664758789861,
      "82": 0.7661488143908421,
      "83": 0.765058599073317,
      "84": 0.7626056146088852,
      "85": 0.7631507222676479,
      "86": 0.7683292450258926,
      "87": 0.7639683837557918,
      "88": 0.7669664758789861,
      "89": 0.7642409375851731,
      "90": 0.7642409375851731,
      "91": 0.7664213682202234,
      "92": 0.7672390297083674,
      "93": 0.7639683837557918,
      "94": 0.7675115835377487,
      "95": 0.7686017988552739,
      "96": 0.7658762605614609,
      "97": 0.7669664758789861,
      "98": 0.7675115835377487,
      "99": 0.7634232760970292,
      "100": 0.7661488143908421,
      "101": 0.7656037067320796,
      "102": 0.7653311529026983,
      "103": 0.7658762605614609,
      "104": 0.7658762605614609,
      "105": 0.7653311529026983,
      "106": 0.7653311529026983,
      "107": 0.7647860452439357,
      "108": 0.7642409375851731,
      "109": 0.765058599073317,
      "110": 0.7647860452439357,
      "111": 0.7653311529026983,
      "112": 0.765058599073317,
      "113": 0.7658762605614609,
      "114": 0.7658762605614609,
      "115": 0.7647860452439357,
      "116": 0.7656037067320796,
      "117": 0.765058599073317,
      "118": 0.765058599073317,
      "119": 0.7647860452439357,
      "120": 0.7661488143908421,
      "121": 0.7642409375851731,
      "122": 0.7639683837557918,
      "123": 0.765058599073317,
      "124": 0.7647860452439357,
      "125": 0.7645134914145544,
      "126": 0.7647860452439357,
      "127": 0.7639683837557918,
      "128": 0.7645134914145544,
      "129": 0.765058599073317,
      "130": 0.7656037067320796,
      "131": 0.765058599073317,
      "132": 0.7661488143908421,
      "133": 0.7653311529026983,
      "134": 0.7658762605614609,
      "135": 0.7634232760970292,
      "136": 0.7642409375851731,