{
  "dataset": "flowers102",
  "seed": 1,
  "shots": 16,
  "mapping": "blmp",
  "head_select": "test_kl",
  "prime_criterion": "kl",
  "norm": "imagenet",
  "epochs": 200,
  "lr": 0.01,
  "eval_every": 1,
  "n_train": 1632,
  "n_test": 2463,
  "best_test_acc": 0.7925294356475843,
  "best_epoch": 86,
  "final_test_acc": 0.7872513195290296,
  "curves": {
    "train_acc": [
      0.6115196078431373,
      0.6488970588235294,
      0.6660539215686274,
      0.6862745098039216,
      0.7052696078431373,
      0.7291666666666666,
      0.7481617647058824,
      0.7549019607843137,
      0.7763480392156863,
      0.7751225490196079,
      0.7892156862745098,
      0.789828431372549,
      0.8026960784313726,
      0.8026960784313726,
      0.8137254901960784,
      0.8180147058823529,
      0.8241421568627451,
      0.8186274509803921,
      0.8223039215686274,
      0.8278186274509803,
      0.8272058823529411,
      0.8308823529411765,
      0.8388480392156863,
      0.8492647058823529,
      0.8462009803921569,
      0.8511029411764706,
      0.8511029411764706,
      0.8590686274509803,
      0.8535539215686274,
      0.8560049019607843,
      0.8682598039215687,
      0.8633578431372549,
      0.8682598039215687,
      0.8774509803921569,
      0.8805147058823529,
      0.8737745098039216,
      0.8848039215686274,
      0.8909313725490197,
      0.8817401960784313,
      0.8915441176470589,
      0.8860294117647058,
      0.8921568627450981,
      0.8933823529411765,
      0.8927696078431373,
      0.8933823529411765,
      0.8915441176470589,
      0.8909313725490197,
      0.8958333333333334,
      0.8964460784313726,
      0.8946078431372549,
      0.914828431372549,
      0.9080882352941176,
      0.9129901960784313,
      0.9142156862745098,
      0.9142156862745098,
      0.9136029411764706,
      0.9234068627450981,
      0.9129901960784313,
      0.9227941176470589,
      0.9160539215686274,
      0.9136029411764706,
      0.9136029411764706,
      0.9209558823529411,
      0.9142156862745098,
      0.9234068627450981,
      0.9215686274509803,
      0.9264705882352942,
      0.9276960784313726,
      0.9313725490196079,
      0.9313725490196079,
      0.9319852941176471,
      0.9276960784313726,
      0.9301470588235294,
      0.9344362745098039,
      0.9356617647058824,
      0.9276960784313726,
      0.9332107843137255,
      0.9325980392156863,
      0.9411764705882353,
      0.9319852941176471,
      0.9283088235294118,
      0.9344362745098039,
      0.9362745098039216,
      0.9399509803921569,
      0.9393382352941176,
      0.9448529411764706,
      0.9399509803921569,
      0.946078431372549,
      0.9485294117647058,
      0.9387254901960784,
      0.9350490196078431,
      0.9405637254901961,
      0.9375,
      0.946078431372549,
      0.9442401960784313,
      0.9417892156862745,
      0.9424019607843137,
      0.9430147058823529,
      0.9417892156862745,
      0.9485294117647058,
      0.9491421568627451,
      0.9577205882352942,
      0.9564950980392157,
      0.9577205882352942,
      0.960171568627451,
      0.9632352941176471,
      0.9632352941176471,
      0.9620098039215687,
      0.9638480392156863,
      0.9638480392156863,
      0.9632352941176471,
      0.9644607843137255,
      0.9644607843137255,
      0.9638480392156863,
      0.9650735294117647,
      0.9650735294117647,
      0.9650735294117647,
      0.9650735294117647,
      0.9662990196078431,
      0.9669117647058824,
      0.9662990196078431,
      0.9650735294117647,
      0.9662990196078431,
      0.9662990196078431,
      0.9662990196078431,
      0.9669117647058824,
      0.9675245098039216,
      0.9669117647058824,
      0.9669117647058824,
      0.9669117647058824,
      0.9675245098039216,
      0.9669117647058824,
      0.9669117647058824,
      0.9681372549019608,
      0.9675245098039216,
      0.9693627450980392,
      0.9681372549019608,
      0.9669117647058824,
      0.9675245098039216,
      0.9675245098039216,
      0.9675245098039216,
      0.96875,
      0.9693627450980392,
      0.9693627450980392,
      0.96875,
      0.9693627450980392,
      0.9693627450980392,
      0.96875,
      0.9693627450980392,
      0.9693627450980392,
      0.9693627450980392,
      0.9693627450980392,
      0.96875,
      0.9699754901960784,
      0.9693627450980392,
      0.9693627450980392,
      0.96875,
      0.9693627450980392,
      0.9693627450980392,
      0.9693627450980392,
      0.96875,
      0.9693627450980392,
      0.9693627450980392,
      0.96875,
      0.9693627450980392,
      0.96875,
      0.9693627450980392,
      0.9693627450980392,
      0.9693627450980392,
      0.9693627450980392,
      0.9693627450980392,
      0.9699754901960784,
      0.9693627450980392,
      0.9699754901960784,
      0.9693627450980392,
      0.9699754901960784,
      0.9699754901960784,
      0.9699754901960784,
      0.9693627450980392,
      0.9693627450980392,
      0.9699754901960784,
      0.9699754901960784,
      0.9699754901960784,
      0.9699754901960784,
      0.9699754901960784,
      0.9699754901960784,
      0.9699754901960784,
      0.9699754901960784,
      0.9699754901960784,
      0.9699754901960784,
      0.9699754901960784,
      0.9699754901960784,
      0.9699754901960784,
      0.9699754901960784,
      0.9699754901960784,
      0.9699754901960784,
      0.9699754901960784,
      0.9699754901960784,
      0.9699754901960784,
      0.9699754901960784
    ],
    "test_acc": {
      "0": 0.6248477466504263,
      "1": 0.6252537555826229,
      "2": 0.6467722289890377,
      "3": 0.6760048721071864,
      "4": 0.6967113276492083,
      "5": 0.7186358099878197,
      "6": 0.7113276492082826,
      "7": 0.7178237921234267,
      "8": 0.7344701583434835,
      "9": 0.7332521315468941,
      "10": 0.7547706049533089,
      "11": 0.7458384084449858,
      "12": 0.757206658546488,
      "13": 0.7637028014616322,
      "14": 0.7673568818514007,
      "15": 0.759642712139667,
      "16": 0.7661388550548112,
      "17": 0.7608607389362566,
      "18": 0.7762890783597239,
      "19": 0.7673568818514007,
      "20": 0.7714169711733658,
      "21": 0.7681688997157937,
      "22": 0.7649208282582217,
      "23": 0.7762890783597239,
      "24": 0.7730410069021518,
      "25": 0.7775071051563135,
      "26": 0.7823792123426715,
      "27": 0.758018676410881,
      "28": 0.7791311408850995,
      "29": 0.780349167681689,
      "30": 0.7701989443767763,
      "31": 0.7620787657328462,
      "32": 0.7815671944782785,
      "33": 0.7673568818514007,
      "34": 0.7799431587494925,
      "35": 0.7734470158343484,
      "36": 0.7775071051563135,
      "37": 0.7669508729192043,
      "38": 0.7758830694275274,
      "39": 0.7706049533089728,
      "40": 0.7726349979699554,
      "41": 0.7860332927324402,
      "42": 0.7620787657328462,
      "43": 0.7848152659358506,
      "44": 0.7624847746650426,
      "45": 0.7787251319529029,
      "46": 0.7738530247665448,
      "47": 0.7840032480714576,
      "48": 0.781973203410475,
      "49": 0.781973203410475,
      "50": 0.781161185546082,
      "51": 0.781973203410475,
      "52": 0.7730410069021518,
      "53": 0.7762890783597239,
      "54": 0.7787251319529029,
      "55": 0.7783191230207065,
      "56": 0.7872513195290296,
      "57": 0.7669508729192043,
      "58": 0.7815671944782785,
      "59": 0.781161185546082,
      "60": 0.7762890783597239,
      "61": 0.7840032480714576,
      "62": 0.781973203410475,
      "63": 0.7734470158343484,
      "64": 0.7872513195290296,
      "65": 0.783597239139261,
      "66": 0.7876573284612262,
      "67": 0.781161185546082,
      "68": 0.782785221274868,
      "69": 0.7900933820544052,
      "70": 0.7880633373934226,
      "71": 0.7823792123426715,
      "72": 0.7868453105968332,
      "73": 0.7815671944782785,
      "74": 0.7750710515631344,
      "75": 0.7787251319529029,
      "76": 0.7848152659358506,
      "77": 0.7795371498172959,
      "78": 0.7884693463256192,