{
  "dataset": "flowers102",
  "seed": 2,
  "shots": 16,
  "mapping": "blmp",
  "head_select": "test_kl",
  "prime_criterion": "kl",
  "norm": "imagenet",
  "epochs": 200,
  "lr": 0.01,
  "eval_every": 1,
  "n_train": 1632,
  "n_test": 2463,
  "best_test_acc": 0.8148599269183922,
  "best_epoch": 58,
  "final_test_acc": 0.7892813641900122,
  "curves": {
    "train_acc": [
      0.6243872549019608,
      0.6470588235294118,
      0.6636029411764706,
      0.6911764705882353,
      0.6954656862745098,
      0.7254901960784313,
      0.7212009803921569,
      0.7555147058823529,
      0.7463235294117647,
      0.7604166666666666,
      0.7634803921568627,
      0.7751225490196079,
      0.7763480392156863,
      0.7892156862745098,
      0.7916666666666666,
      0.8014705882352942,
      0.8057598039215687,
      0.8204656862745098,
      0.8125,
      0.8137254901960784,
      0.8272058823529411,
      0.8216911764705882,
      0.8302696078431373,
      0.8333333333333334,
      0.8370098039215687,
      0.8308823529411765,
      0.8327205882352942,
      0.8455882352941176,
      0.8400735294117647,
      0.8468137254901961,
      0.8529411764705882,
      0.8560049019607843,
      0.8572303921568627,
      0.8590686274509803,
      0.8743872549019608,
      0.8713235294117647,
      0.8676470588235294,
      0.8737745098039216,
      0.8645833333333334,
      0.8725490196078431,
      0.8731617647058824,
      0.8713235294117647,
      0.8780637254901961,
      0.8792892156862745,
      0.8725490196078431,
      0.8897058823529411,
      0.8799019607843137,
      0.8854166666666666,
      0.8903186274509803,
      0.8964460784313726,
      0.8982843137254902,
      0.8995098039215687,
      0.9031862745098039,
      0.9105392156862745,
      0.8964460784313726,
      0.9031862745098039,
      0.883578431372549,
      0.9044117647058824,
      0.9007352941176471,
      0.9001225490196079,
      0.9037990196078431,
      0.9007352941176471,
      0.9007352941176471,
      0.897671568627451,
      0.9154411764705882,
      0.914828431372549,
      0.9074754901960784,
      0.9087009803921569,
      0.897671568627451,
      0.9068627450980392,
      0.90625,
      0.9050245098039216,
      0.9154411764705882,
      0.9185049019607843,
      0.9136029411764706,
      0.9209558823529411,
      0.9191176470588235,
      0.9172794117647058,
      0.9191176470588235,
      0.9129901960784313,
      0.9240196078431373,
      0.9252450980392157,
      0.928921568627451,
      0.9215686274509803,
      0.9221813725490197,
      0.9240196078431373,
      0.9197303921568627,
      0.9295343137254902,
      0.9276960784313726,
      0.9270833333333334,
      0.9270833333333334,
      0.9332107843137255,
      0.9405637254901961,
      0.9344362745098039,
      0.9375,
      0.9283088235294118,
      0.9332107843137255,
      0.9215686274509803,
      0.9240196078431373,
      0.9399509803921569,
      0.9479166666666666,
      0.9503676470588235,
      0.9546568627450981,
      0.9552696078431373,
      0.9620098039215687,
      0.9644607843137255,
      0.9620098039215687,
      0.9644607843137255,
      0.9650735294117647,
      0.9644607843137255,
      0.9650735294117647,
      0.9626225490196079,
      0.9626225490196079,
      0.9650735294117647,
      0.9656862745098039,
      0.9669117647058824,
      0.9669117647058824,
      0.9693627450980392,
      0.9669117647058824,
      0.9681372549019608,
      0.9699754901960784,
      0.9675245098039216,
      0.9693627450980392,
      0.96875,
      0.9712009803921569,
      0.9693627450980392,
      0.9705882352941176,
      0.9705882352941176,
      0.9718137254901961,
      0.9712009803921569,
      0.9724264705882353,
      0.9724264705882353,
      0.9712009803921569,
      0.9724264705882353,
      0.9718137254901961,
      0.9705882352941176,
      0.9705882352941176,
      0.9718137254901961,
      0.9724264705882353,
      0.9699754901960784,
      0.9699754901960784,
      0.9705882352941176,
      0.9724264705882353,
      0.9718137254901961,
      0.9730392156862745,
      0.9724264705882353,
      0.9724264705882353,
      0.9724264705882353,
      0.9724264705882353,
      0.9718137254901961,
      0.9718137254901961,
      0.9718137254901961,
      0.9718137254901961,
      0.9712009803921569,
      0.9724264705882353,
      0.9730392156862745,
      0.9724264705882353,
      0.9724264705882353,
      0.9724264705882353,
      0.9724264705882353,
      0.9724264705882353,
      0.9718137254901961,
      0.9730392156862745,
      0.9730392156862745,
      0.9724264705882353,
      0.9724264705882353,
      0.9724264705882353,
      0.9724264705882353,
      0.9724264705882353,
      0.9724264705882353,
      0.9724264705882353,
      0.9724264705882353,
      0.9724264705882353,
      0.9724264705882353,
      0.9724264705882353,
      0.9724264705882353,
      0.9724264705882353,
      0.9724264705882353,
      0.9724264705882353,
      0.9724264705882353,
      0.9724264705882353,
      0.9724264705882353,
      0.9724264705882353,
      0.9724264705882353,
      0.9724264705882353,
      0.9724264705882353,
      0.9724264705882353,
      0.9718137254901961,
      0.9718137254901961,
      0.9724264705882353,
      0.9724264705882353,
      0.9724264705882353,
      0.9718137254901961,
      0.9718137254901961,
      0.9718137254901961,
      0.9712009803921569,
      0.9724264705882353,
      0.9718137254901961,
      0.9718137254901961,
      0.9718137254901961
    ],
    "test_acc": {
      "0": 0.6118554608201381,
      "1": 0.6264717823792123,
      "2": 0.6366220056841251,
      "3": 0.6622005684125051,
      "4": 0.6666666666666666,
      "5": 0.6861550954120991,
      "6": 0.6983353633779943,
      "7": 0.7088915956151035,
      "8": 0.6979293544457978,
      "9": 0.7101096224116931,
      "10": 0.7129516849370686,
      "11": 0.7153877385302476,
      "12": 0.730004060089322,
      "13": 0.7369062119366626,
      "14": 0.7482744620381648,
      "15": 0.7511165245635404,
      "16": 0.7519285424279334,
      "17": 0.761266747868453,
      "18": 0.759642712139667,
      "19": 0.7576126674786845,
      "20": 0.7783191230207065,
      "21": 0.7706049533089728,
      "22": 0.780349167681689,
      "23": 0.7787251319529029,
      "24": 0.7856272838002436,
      "25": 0.7730410069021518,
      "26": 0.7718229801055623,
      "27": 0.7884693463256192,
      "28": 0.7775071051563135,
      "29": 0.782785221274868,
      "30": 0.7738530247665448,
      "31": 0.781161185546082,
      "32": 0.7795371498172959,
      "33": 0.7892813641900122,
      "34": 0.7998375964271214,
      "35": 0.7856272838002436,
      "36": 0.7799431587494925,
      "37": 0.7921234267153877,
      "38": 0.7949654892407633,
      "39": 0.7876573284612262,
      "40": 0.7900933820544052,
      "41": 0.7921234267153877,
      "42": 0.7880633373934226,
      "43": 0.7771010962241169,
      "44": 0.7888753552578157,
      "45": 0.7864393016646366,
      "46": 0.7771010962241169,
      "47": 0.785221274868047,
      "48": 0.7860332927324402,
      "49": 0.8063337393422655,
      "50": 0.7872513195290296,
      "51": 0.7929354445797807,
      "52": 0.8010556232237109,
      "53": 0.7831912302070646,
      "54": 0.7896873731222087,
      "55": 0.7969955339017458,
      "56": 0.7880633373934226,
      "57": 0.7937474624441738,
      "58": 0.8148599269183922,
      "59": 0.7766950872919204,
      "60": 0.7986195696305318,
      "61": 0.7937474624441738,
      "62": 0.7880633373934226,
      "63": 0.7868453105968332,
      "64": 0.7978075517661388,
      "65": 0.8014616321559074,
      "66": 0.7957775071051563,
      "67": 0.7961835160373528,
      "68": 0.7856272838002436,
      "69": 0.7925294356475843,
      "70": 0.7779131140885099,
      "71": 0.7925294356475843,
      "72": 0.783597239139261,
      "73": 0.7831912302070646,
      "74": 0.7929354445797807,
      "75": 0.7892813641900122,
      "76": 0.7872513195290296,