{
  "dataset": "eurosat",
  "seed": 0,
  "shots": 16,
  "mapping": "blmp",
  "head_select": "test_kl",
  "prime_criterion": "kl",
  "norm": "imagenet",
  "epochs": 200,
  "lr": 0.01,
  "eval_every": 2,
  "n_train": 160,
  "n_test": 8100,
  "best_test_acc": 0.7618518518518519,
  "best_epoch": 35,
  "final_test_acc": 0.7420987654320987,
  "curves": {
    "train_acc": [
      0.4125,
      0.43125,
      0.5,
      0.51875,
      0.5,
      0.66875,
      0.6,
      0.70625,
      0.65,
      0.7,
      0.6625,
      0.7375,
      0.7125,
      0.76875,
      0.8,
      0.78125,
      0.7625,
      0.8125,
      0.8375,
      0.8375,
      0.86875,
      0.90625,
      0.86875,
      0.8625,
      0.9125,
      0.88125,
      0.925,
      0.9,
      0.91875,
      0.9,
      0.91875,
      0.9375,
      0.93125,
      0.9125,
      0.91875,
      0.93125,
      0.90625,
      0.94375,
      0.9,
      0.9,
      0.9,
      0.9,
      0.9,
      0.9,
      0.9,
      0.9,
      0.9,
      0.9,
      0.9,
      0.9,
      0.9,
      0.9,
      0.9,
      0.9,
      0.9,
      0.9,
      0.9,
      0.9,
      0.9,
      0.9,
      0.9,
      0.9,
      0.9,
      0.9,
      0.9,
      0.9,
      0.9,
      0.9,
      0.9,
      0.9,
      0.9,
      0.9,
      0.9,
      0.9,
      0.9,
      0.9,
      0.9,
      0.9,
      0.9,
      0.9,
      0.9,
      0.9,
      0.9,
      0.9,
      0.9,
      0.9,
      0.9,
      0.9,
      0.9,
      0.9,
      0.9,
      0.9,
      0.9,
      0.9,
      0.9,
      0.9,
      0.9,
      0.9,
      0.9,
      0.9,
      0.9,
      0.9,
      0.9,
      0.9,
      0.9,
      0.9,
      0.9,
      0.9,
      0.9,
      0.9,
      0.9,
      0.9,
      0.9,
      0.9,
      0.9,
      0.9,
      0.9,
      0.9,
      0.9,
      0.9,
      0.9,
      0.9,
      0.9,
      0.9,
      0.9,
      0.9,
      0.9,
      0.9,
      0.9,
      0.9,
      0.9,
      0.9,
      0.9,
      0.9,
      0.9,
      0.9,
      0.9,
      0.9,
      0.9,
      0.9,
      0.9,
      0.9,
      0.9,
      0.9,
      0.9,
      0.9,
      0.9,
      0.9,
      0.9,
      0.9,
      0.9,
      0.9,
      0.9,
      0.9,
      0.9,
      0.9,
      0.9,
      0.9,
      0.9,
      0.9,
      0.9,
      0.9,
      0.9,
      0.9,
      0.9,
      0.9,
      0.9,
      0.9,
      0.9,
      0.9,
      0.9,
      0.9,
      0.9,
      0.9,
      0.9,
      0.9,
      0.9,
      0.9,
      0.9,
      0.9,
      0.9,
      0.9,
      0.9,
      0.9,
      0.9,
      0.9,
      0.9,
      0.9,
      0.9,
      0.9,
      0.9,
      0.9,
      0.9,
      0.9,
      0.9,
      0.9,
      0.9,
      0.9,
      0.9,
      0.9
    ],
    "test_acc": {
      "1": 0.4750617283950617,
      "3": 0.5062962962962962,
      "5": 0.5345679012345679,
      "7": 0.6172839506172839,
      "9": 0.6188888888888889,
      "11": 0.5932098765432099,
      "13": 0.6476543209876543,
      "15": 0.6634567901234568,
      "17": 0.717283950617284,
      "19": 0.7408641975308642,
      "21": 0.7355555555555555,
      "23": 0.7471604938271605,
      "25": 0.7550617283950617,
      "27": 0.7407407407407407,
      "29": 0.751358024691358,
      "31": 0.7544444444444445,
      "33": 0.7612345679012346,
      "35": 0.7618518518518519,
      "37": 0.7559259259259259,
      "39": 0.7211111111111111,
      "41": 0.7351851851851852,
      "43": 0.7377777777777778,
      "45": 0.7358024691358025,
      "47": 0.738641975308642,
      "49": 0.7416049382716049,
      "51": 0.7525925925925926,
      "53": 0.7460493827160494,
      "55": 0.7498765432098765,
      "57": 0.7406172839506173,
      "59": 0.7483950617283951,
      "61": 0.7471604938271605,
      "63": 0.7476543209876543,
      "65": 0.7449382716049383,
      "67": 0.7455555555555555,
      "69": 0.7458024691358025,
      "71": 0.7430864197530864,
      "73": 0.7477777777777778,
      "75": 0.7476543209876543,
      "77": 0.7430864197530864,
      "79": 0.7450617283950617,
      "81": 0.7446913580246913,
      "83": 0.7438271604938271,
      "85": 0.7448148148148148,
      "87": 0.7449382716049383,
      "89": 0.7441975308641975,
      "91": 0.7437037037037038,
      "93": 0.7440740740740741,
      "95": 0.7430864197530864,
      "97": 0.7441975308641975,
      "99": 0.7430864197530864,
      "101": 0.7433333333333333,
      "103": 0.7435802469135803,
      "105": 0.7438271604938271,
      "107": 0.7433333333333333,
      "109": 0.7433333333333333,
      "111": 0.7429629629629629,
      "113": 0.7432098765432099,
      "115": 0.7428395061728396,
      "117": 0.7427160493827161,
      "119": 0.7432098765432099,
      "121": 0.7429629629629629,
      "123": 0.7424691358024691,
      "125": 0.7425925925925926,
      "127": 0.7424691358024691,
      "129": 0.7418518518518519,
      "131": 0.7422222222222222,
      "133": 0.7419753086419754,
      "135": 0.7422222222222222,
      "137": 0.7423456790123457,
      "139": 0.7424691358024691,
      "141": 0.7420987654320987,
      "143": 0.7418518518518519,
      "145": 0.7420987654320987,
      "147": 0.7418518518518519,
      "149": 0.7420987654320987,
      "151": 0.7418518518518519,
      "153": 0.7416049382716049,
      "155": 0.7419753086419754,
      "157": 0.7419753086419754,
      "159": 0.7417283950617284,
      "161": 0.7417283950617284,
      "163": 0.7423456790123457,
      "165": 0.7420987654320987,
      "167": 0.7419753086419754,
      "169": 0.7418518518518519,
      "171": 0.7420987654320987,
      "173": 0.7422222222222222,
      "175": 0.7417283950617284,
      "177": 0.7419753086419754,
      "179": 0.7418518518518519,
      "181": 0.7420987654320987,
      "183": 0.7419753086419754,
      "185": 0.7418518518518519,
      "187": 0.7423456790123457,
      "189": 0.7417283950617284,
      "191": 0.7419753086419754,
      "193": 0.7418518518518519,
      "195": 0.7418518518518519,
      "197": 0.7419753086419754,
      "199": 0.7420987654320987
    }
  }
}