{
  "dataset": "gtsrb",
  "seed": 0,
  "shots": 16,
  "mapping": "blmp",
  "head_select": "test_kl",
  "prime_criterion": "kl",
  "norm": "imagenet",
  "epochs": 200,
  "lr": 0.01,
  "eval_every": 5,
  "n_train": 688,
  "n_test": 12630,
  "best_test_acc": 0.18052256532066507,
  "best_epoch": 69,
  "final_test_acc": 0.17901821060965953,
  "curves": {
    "train_acc": [
      0.11918604651162791,
      0.18313953488372092,
      0.19476744186046513,
      0.1933139534883721,
      0.20930232558139536,
      0.2238372093023256,
      0.2005813953488372,
      0.19622093023255813,
      0.22674418604651161,
      0.22529069767441862,
      0.24273255813953487,
      0.26598837209302323,
      0.2703488372093023,
      0.29796511627906974,
      0.29505813953488375,
      0.29651162790697677,
      0.2747093023255814,
      0.33430232558139533,
      0.3125,
      0.3386627906976744,
      0.33575581395348836,
      0.35901162790697677,
      0.3502906976744186,
      0.311046511627907,
      0.35319767441860467,
      0.36627906976744184,
      0.3691860465116279,
      0.3938953488372093,
      0.376453488372093,
      0.38226744186046513,
      0.37790697674418605,
      0.39244186046511625,
      0.39098837209302323,
      0.39825581395348836,
      0.39244186046511625,
      0.43023255813953487,
      0.42877906976744184,
      0.4316860465116279,
      0.42441860465116277,
      0.4127906976744186,
      0.4171511627906977,
      0.44476744186046513,
      0.4680232558139535,
      0.45494186046511625,
      0.4476744186046512,
      0.44040697674418605,
      0.46511627906976744,
      0.501453488372093,
      0.47093023255813954,
      0.5043604651162791,
      0.5087209302325582,
      0.501453488372093,
      0.5072674418604651,
      0.5043604651162791,
      0.5101744186046512,
      0.4941860465116279,
      0.5188953488372093,
      0.5334302325581395,
      0.5377906976744186,
      0.5406976744186046,
      0.5421511627906976,
      0.5683139534883721,
      0.5363372093023255,
      0.559593023255814,
      0.5697674418604651,
      0.5901162790697675,
      0.5712209302325582,
      0.5944767441860465,
      0.5944767441860465,
      0.5712209302325582,
      0.5436046511627907,
      0.5537790697674418,
      0.563953488372093,
      0.5843023255813954,
      0.5944767441860465,
      0.5886627906976745,
      0.5799418604651163,
      0.5784883720930233,
      0.565406976744186,
      0.5872093023255814,
      0.5944767441860465,
      0.6177325581395349,
      0.6002906976744186,
      0.6046511627906976,
      0.5712209302325582,
      0.6031976744186046,
      0.6046511627906976,
      0.6322674418604651,
      0.6322674418604651,
      0.623546511627907,
      0.6293604651162791,
      0.6293604651162791,
      0.6482558139534884,
      0.6468023255813954,
      0.6482558139534884,
      0.6497093023255814,
      0.6526162790697675,
      0.6569767441860465,
      0.6540697674418605,
      0.6627906976744186,
      0.6642441860465116,
      0.6816860465116279,
      0.7165697674418605,
      0.7223837209302325,
      0.7223837209302325,
      0.7122093023255814,
      0.7267441860465116,
      0.7340116279069767,
      0.747093023255814,
      0.7427325581395349,
      0.75,
      0.7543604651162791,
      0.7558139534883721,
      0.7543604651162791,
      0.7601744186046512,
      0.7688953488372093,
      0.7659883720930233,
      0.7674418604651163,
      0.7747093023255814,
      0.7747093023255814,
      0.7732558139534884,
      0.7718023255813954,
      0.7732558139534884,
      0.7776162790697675,
      0.7819767441860465,
      0.7819767441860465,
      0.7805232558139535,
      0.7834302325581395,
      0.7805232558139535,
      0.7805232558139535,
      0.7877906976744186,
      0.7848837209302325,
      0.7848837209302325,
      0.7877906976744186,
      0.7906976744186046,
      0.7892441860465116,
      0.7936046511627907,
      0.7994186046511628,
      0.7994186046511628,
      0.8008720930232558,
      0.7979651162790697,
      0.8081395348837209,
      0.8023255813953488,
      0.8081395348837209,
      0.8081395348837209,
      0.811046511627907,
      0.811046511627907,
      0.811046511627907,
      0.811046511627907,
      0.809593023255814,
      0.811046511627907,
      0.811046511627907,
      0.809593023255814,
      0.811046511627907,
      0.811046511627907,
      0.8125,
      0.811046511627907,
      0.8125,
      0.811046511627907,
      0.8125,
      0.811046511627907,
      0.811046511627907,
      0.811046511627907,
      0.813953488372093,
      0.813953488372093,
      0.815406976744186,
      0.8125,
      0.815406976744186,
      0.815406976744186,
      0.815406976744186,
      0.815406976744186,
      0.815406976744186,
      0.815406976744186,
      0.815406976744186,
      0.813953488372093,
      0.811046511627907,
      0.8125,
      0.813953488372093,
      0.8125,
      0.8125,
      0.8125,
      0.8125,
      0.8125,
      0.8125,
      0.8125,
      0.8125,
      0.8125,
      0.8125,
      0.8125,
      0.8125,
      0.811046511627907,
      0.8125,
      0.8125,
      0.8125,
      0.815406976744186,
      0.813953488372093,
      0.813953488372093,
      0.813953488372093,
      0.813953488372093,
      0.8125
    ],
    "test_acc": {
      "4": 0.06785431512272368,
      "9": 0.08155186064924783,
      "14": 0.0995249406175772,
      "19": 0.13657957244655583,
      "24": 0.11789390340459224,
      "29": 0.12216943784639747,
      "34": 0.14045922406967537,
      "39": 0.1501187648456057,
      "44": 0.15138558986539985,
      "49": 0.14030087094220112,
      "54": 0.15225653206650833,
      "59": 0.16009501187648456,
      "64": 0.1496437054631829,
      "69": 0.18052256532066507,
      "74": 0.1636579572446556,
      "79": 0.1772763262074426,
      "84": 0.17181314330958036,
      "89": 0.1733174980205859,
      "94": 0.17656373713380838,
      "99": 0.16500395882818686,
      "104": 0.17347585114806016,
      "109": 0.17640538400633413,
      "114": 0.17553444180522565,
      "119": 0.17767220902612826,
      "124": 0.17838479809976246,
      "129": 0.17600950118764846,
      "134": 0.18036421219319082,
      "139": 0.17957244655581947,
      "144": 0.17957244655581947,
      "149": 0.17909738717339668,
      "154": 0.17862232779097387,
      "159": 0.1784639746634996,
      "164": 0.1782264449722882,
      "169": 0.17838479809976246,
      "174": 0.17854315122723674,
      "179": 0.17933491686460806,
      "184": 0.17830562153602533,
      "189": 0.178701504354711,
      "194": 0.17854315122723674,
      "199": 0.17901821060965953
    }
  }
}