{
  "dataset": "svhn",
  "seed": 0,
  "shots": 16,
  "mapping": "blmp",
  "head_select": "test_kl",
  "prime_criterion": "kl",
  "norm": "imagenet",
  "epochs": 200,
  "lr": 0.01,
  "eval_every": 5,
  "n_train": 160,
  "n_test": 26032,
  "best_test_acc": 0.19852489244007376,
  "best_epoch": 54,
  "final_test_acc": 0.17401659496004918,
  "curves": {
    "train_acc": [
      0.15625,
      0.16875,
      0.14375,
      0.21875,
      0.1625,
      0.19375,
      0.21875,
      0.2,
      0.2125,
      0.2625,
      0.2875,
      0.24375,
      0.275,
      0.2625,
      0.26875,
      0.31875,
      0.33125,
      0.34375,
      0.39375,
      0.325,
      0.325,
      0.3625,
      0.36875,
      0.39375,
      0.43125,
      0.36875,
      0.44375,
      0.48125,
      0.425,
      0.53125,
      0.5,
      0.425,
      0.4375,
      0.45,
      0.5125,
      0.5,
      0.5,
      0.5375,
      0.51875,
      0.5375,
      0.5375,
      0.46875,
      0.55,
      0.55625,
      0.56875,
      0.60625,
      0.58125,
      0.6375,
      0.59375,
      0.6875,
      0.6625,
      0.6875,
      0.65,
      0.65,
      0.66875,
      0.6,
      0.69375,
      0.75,
      0.6625,
      0.7125,
      0.71875,
      0.68125,
      0.64375,
      0.63125,
      0.64375,
      0.75625,
      0.71875,
      0.7625,
      0.8125,
      0.78125,
      0.8625,
      0.83125,
      0.85625,
      0.8875,
      0.85,
      0.89375,
      0.90625,
      0.925,
      0.91875,
      0.91875,
      0.925,
      0.94375,
      0.86875,
      0.7125,
      0.89375,
      0.8875,
      0.91875,
      0.94375,
      0.95,
      0.95,
      0.9625,
      0.96875,
      0.96875,
      0.975,
      0.98125,
      0.9875,
      0.99375,
      1.0,
      1.0,
      1.0,
      1.0,
      1.0,
      1.0,
      1.0,
      1.0,
      1.0,
      1.0,
      1.0,
      1.0,
      1.0,
      1.0,
      1.0,
      1.0,
      1.0,
      1.0,
      1.0,
      1.0,
      1.0,
      1.0,
      1.0,
      1.0,
      1.0,
      1.0,
      1.0,
      1.0,
      1.0,
      1.0,
      1.0,
      1.0,
      1.0,
      1.0,
      1.0,
      1.0,
      1.0,
      1.0,
      1.0,
      1.0,
      1.0,
      1.0,
      1.0,
      1.0,
      1.0,
      1.0,
      1.0,
      1.0,
      1.0,
      1.0,
      1.0,
      1.0,
      1.0,
      1.0,
      1.0,
      1.0,
      1.0,
      1.0,
      1.0,
      1.0,
      1.0,
      1.0,
      1.0,
      1.0,
      1.0,
      1.0,
      1.0,
      1.0,
      1.0,
      1.0,
      1.0,
      1.0,
      1.0,
      1.0,
      1.0,
      1.0,
      1.0,
      1.0,
      1.0,
      1.0,
      1.0,
      1.0,
      1.0,
      1.0,
      1.0,
      1.0,
      1.0,
      1.0,
      1.0,
      1.0,
      1.0,
      1.0,
      1.0,
      1.0,
      1.0,
      1.0,
      1.0,
      1.0,
      1.0,
      1.0,
      1.0,
      1.0,
      1.0
    ],
    "test_acc": {
      "4": 0.08454978488014751,
      "9": 0.12104333128457283,
      "14": 0.14624308543331285,
      "19": 0.13275968039336203,
      "24": 0.17490012292562998,
      "29": 0.16206976029502151,
      "34": 0.183620159803319,
      "39": 0.14712661339889366,
      "44": 0.18423478795328826,
      "49": 0.15657652120467117,
      "54": 0.19852489244007376,
      "59": 0.1585740626920713,
      "64": 0.15603872157344806,
      "69": 0.1798939766441303,
      "74": 0.1668715427166564,
      "79": 0.16702519975414873,
      "84": 0.16018746158574063,
      "89": 0.17647510755992624,
      "94": 0.16856177012907192,
      "99": 0.17651352181929933,
      "104": 0.17666717885679165,
      "109": 0.17405500921942224,
      "114": 0.17455439459127228,
      "119": 0.17405500921942224,
      "124": 0.17351720958819913,
      "129": 0.17386293792255686,
      "134": 0.17401659496004918,
      "139": 0.1741702519975415,
      "144": 0.17459280885064535,
      "149": 0.17443915181315303,
      "154": 0.1741702519975415,
      "159": 0.17382452366318377,
      "164": 0.1737476951444376,
      "169": 0.17367086662569145,
      "174": 0.17405500921942224,
      "179": 0.17409342347879533,
      "184": 0.17405500921942224,
      "189": 0.17390135218192992,
      "194": 0.17424708051628765,
      "199": 0.17401659496004918
    }
  }
}