{
  "dataset": "gtsrb",
  "seed": 1,
  "shots": 16,
  "mapping": "blmp",
  "head_select": "test_kl",
  "prime_criterion": "kl",
  "norm": "imagenet",
  "epochs": 200,
  "lr": 0.01,
  "eval_every": 5,
  "n_train": 688,
  "n_test": 12630,
  "best_test_acc": 0.19524940617577197,
  "best_epoch": 194,
  "final_test_acc": 0.19501187648456056,
  "curves": {
    "train_acc": [
      0.14680232558139536,
      0.17005813953488372,
      0.2194767441860465,
      0.20930232558139536,
      0.19912790697674418,
      0.18604651162790697,
      0.22529069767441862,
      0.24854651162790697,
      0.25290697674418605,
      0.26453488372093026,
      0.25872093023255816,
      0.24709302325581395,
      0.2747093023255814,
      0.2877906976744186,
      0.3008720930232558,
      0.2921511627906977,
      0.31976744186046513,
      0.29651162790697677,
      0.3081395348837209,
      0.3488372093023256,
      0.3430232558139535,
      0.373546511627907,
      0.3488372093023256,
      0.35755813953488375,
      0.375,
      0.3851744186046512,
      0.3851744186046512,
      0.37790697674418605,
      0.36191860465116277,
      0.39098837209302323,
      0.39680232558139533,
      0.42296511627906974,
      0.4069767441860465,
      0.4273255813953488,
      0.436046511627907,
      0.42005813953488375,
      0.4433139534883721,
      0.4331395348837209,
      0.42441860465116277,
      0.4622093023255814,
      0.44622093023255816,
      0.47093023255813954,
      0.4680232558139535,
      0.47093023255813954,
      0.48691860465116277,
      0.48401162790697677,
      0.4811046511627907,
      0.5116279069767442,
      0.49709302325581395,
      0.502906976744186,
      0.5101744186046512,
      0.5261627906976745,
      0.5130813953488372,
      0.5247093023255814,
      0.5319767441860465,
      0.5145348837209303,
      0.5377906976744186,
      0.5421511627906976,
      0.5494186046511628,
      0.5348837209302325,
      0.565406976744186,
      0.5552325581395349,
      0.565406976744186,
      0.5523255813953488,
      0.5770348837209303,
      0.5479651162790697,
      0.561046511627907,
      0.563953488372093,
      0.5784883720930233,
      0.5944767441860465,
      0.5959302325581395,
      0.5944767441860465,
      0.6075581395348837,
      0.6148255813953488,
      0.622093023255814,
      0.6380813953488372,
      0.6017441860465116,
      0.6046511627906976,
      0.6104651162790697,
      0.6206395348837209,
      0.6453488372093024,
      0.6351744186046512,
      0.626453488372093,
      0.6133720930232558,
      0.6337209302325582,
      0.6497093023255814,
      0.6395348837209303,
      0.6380813953488372,
      0.6526162790697675,
      0.6497093023255814,
      0.6584302325581395,
      0.6671511627906976,
      0.6729651162790697,
      0.6700581395348837,
      0.6584302325581395,
      0.6569767441860465,
      0.6831395348837209,
      0.7107558139534884,
      0.6933139534883721,
      0.7296511627906976,
      0.7340116279069767,
      0.7587209302325582,
      0.7805232558139535,
      0.7834302325581395,
      0.7805232558139535,
      0.7863372093023255,
      0.8037790697674418,
      0.809593023255814,
      0.815406976744186,
      0.8183139534883721,
      0.815406976744186,
      0.8183139534883721,
      0.8197674418604651,
      0.8284883720930233,
      0.8226744186046512,
      0.8226744186046512,
      0.8343023255813954,
      0.8299418604651163,
      0.8241279069767442,
      0.8343023255813954,
      0.8357558139534884,
      0.8444767441860465,
      0.8415697674418605,
      0.8444767441860465,
      0.8517441860465116,
      0.8546511627906976,
      0.8546511627906976,
      0.8546511627906976,
      0.8531976744186046,
      0.8531976744186046,
      0.8561046511627907,
      0.8575581395348837,
      0.8531976744186046,
      0.8561046511627907,
      0.8590116279069767,
      0.8648255813953488,
      0.8633720930232558,
      0.8633720930232558,
      0.8662790697674418,
      0.8648255813953488,
      0.8662790697674418,
      0.8662790697674418,
      0.8662790697674418,
      0.8706395348837209,
      0.873546511627907,
      0.872093023255814,
      0.873546511627907,
      0.875,
      0.873546511627907,
      0.872093023255814,
      0.873546511627907,
      0.875,
      0.873546511627907,
      0.873546511627907,
      0.875,
      0.875,
      0.876453488372093,
      0.875,
      0.876453488372093,
      0.875,
      0.8793604651162791,
      0.877906976744186,
      0.8793604651162791,
      0.8793604651162791,
      0.876453488372093,
      0.876453488372093,
      0.876453488372093,
      0.876453488372093,
      0.877906976744186,
      0.8793604651162791,
      0.877906976744186,
      0.8793604651162791,
      0.8822674418604651,
      0.8822674418604651,
      0.8793604651162791,
      0.8793604651162791,
      0.8793604651162791,
      0.8808139534883721,
      0.8808139534883721,
      0.8808139534883721,
      0.8808139534883721,
      0.8808139534883721,
      0.8822674418604651,
      0.8808139534883721,
      0.8793604651162791,
      0.8808139534883721,
      0.8808139534883721,
      0.8808139534883721,
      0.8808139534883721,
      0.8822674418604651,
      0.8822674418604651,
      0.8822674418604651,
      0.8822674418604651,
      0.8822674418604651,
      0.8793604651162791,
      0.8822674418604651,
      0.8822674418604651,
      0.8822674418604651,
      0.8822674418604651,
      0.8822674418604651
    ],
    "test_acc": {
      "4": 0.10142517814726841,
      "9": 0.12066508313539193,
      "14": 0.1262074425969913,
      "19": 0.11892319873317499,
      "24": 0.12707838479809977,
      "29": 0.1302454473475851,
      "34": 0.11433095803642122,
      "39": 0.1323040380047506,
      "44": 0.12581155977830563,
      "49": 0.1358669833729216,
      "54": 0.14655581947743468,
      "59": 0.14014251781472684,
      "64": 0.14845605700712589,
      "69": 0.13119556611243072,
      "74": 0.152652414885194,
      "79": 0.16223277909738718,
      "84": 0.16880443388756927,
      "89": 0.1744259699129058,
      "94": 0.1782264449722882,
      "99": 0.1824228028503563,
      "104": 0.1828978622327791,
      "109": 0.1868566904196358,
      "114": 0.18756927949326999,
      "119": 0.19010292953285826,
      "124": 0.1934283452098179,
      "129": 0.19113222486144102,
      "134": 0.19136975455265243,
      "139": 0.19311163895486935,
      "144": 0.19477434679334918,
      "149": 0.19152810768012668,
      "154": 0.19303246239113223,
      "159": 0.1934283452098179,
      "164": 0.1925574030087094,
      "169": 0.1929532858273951,
      "174": 0.19287410926365794,
      "179": 0.1929532858273951,
      "184": 0.19326999208234363,
      "189": 0.19429928741092636,
      "194": 0.19524940617577197,
      "199": 0.19501187648456056
    }
  }
}