{
  "dataset": "svhn",
  "seed": 1,
  "shots": 16,
  "mapping": "blmp",
  "head_select": "test_kl",
  "prime_criterion": "kl",
  "norm": "imagenet",
  "epochs": 200,
  "lr": 0.01,
  "eval_every": 5,
  "n_train": 160,
  "n_test": 26032,
  "best_test_acc": 0.22264904732636756,
  "best_epoch": 139,
  "final_test_acc": 0.22214966195451752,
  "curves": {
    "train_acc": [
      0.13125,
      0.1125,
      0.1375,
      0.15625,
      0.125,
      0.15625,
      0.1625,
      0.175,
      0.1375,
      0.11875,
      0.2125,
      0.15625,
      0.19375,
      0.23125,
      0.2,
      0.16875,
      0.18125,
      0.20625,
      0.1875,
      0.225,
      0.21875,
      0.26875,
      0.2875,
      0.25625,
      0.25,
      0.29375,
      0.3375,
      0.30625,
      0.2625,
      0.275,
      0.3375,
      0.3375,
      0.35625,
      0.3375,
      0.26875,
      0.34375,
      0.325,
      0.40625,
      0.36875,
      0.325,
      0.4,
      0.40625,
      0.43125,
      0.4,
      0.45625,
      0.39375,
      0.45,
      0.35,
      0.3625,
      0.41875,
      0.41875,
      0.36875,
      0.3625,
      0.375,
      0.44375,
      0.5125,
      0.50625,
      0.55,
      0.525,
      0.55,
      0.53125,
      0.54375,
      0.5625,
      0.5125,
      0.575,
      0.55625,
      0.55,
      0.51875,
      0.56875,
      0.50625,
      0.425,
      0.375,
      0.4625,
      0.5,
      0.56875,
      0.625,
      0.5875,
      0.575,
      0.6,
      0.58125,
      0.5875,
      0.58125,
      0.58125,
      0.59375,
      0.59375,
      0.6,
      0.59375,
      0.6,
      0.6,
      0.6,
      0.6,
      0.6,
      0.6,
      0.6,
      0.6,
      0.6,
      0.6,
      0.6,
      0.6,
      0.6,
      0.6,
      0.6,
      0.6,
      0.6,
      0.6,
      0.6,
      0.6,
      0.6,
      0.6,
      0.6,
      0.6,
      0.6,
      0.6,
      0.6,
      0.6,
      0.6,
      0.6,
      0.6,
      0.6,
      0.6,
      0.6,
      0.6,
      0.6,
      0.6,
      0.6,
      0.6,
      0.6,
      0.6,
      0.6,
      0.6,
      0.6,
      0.6,
      0.6,
      0.6,
      0.6,
      0.6,
      0.6,
      0.6,
      0.6,
      0.6,
      0.6,
      0.6,
      0.6,
      0.6,
      0.6,
      0.6,
      0.6,
      0.6,
      0.6,
      0.6,
      0.6,
      0.6,
      0.6,
      0.6,
      0.6,
      0.6,
      0.6,
      0.6,
      0.6,
      0.6,
      0.6,
      0.6,
      0.6,
      0.6,
      0.6,
      0.6,
      0.6,
      0.6,
      0.6,
      0.6,
      0.6,
      0.6,
      0.6,
      0.6,
      0.6,
      0.6,
      0.6,
      0.6,
      0.6,
      0.6,
      0.6,
      0.6,
      0.6,
      0.6,
      0.6,
      0.6,
      0.6,
      0.6,
      0.6,
      0.6,
      0.6,
      0.6,
      0.6,
      0.6,
      0.6,
      0.6,
      0.6,
      0.6,
      0.6,
      0.6
    ],
    "test_acc": {
      "4": 0.16871542716656424,
      "9": 0.133720036877689,
      "14": 0.19130301167793484,
      "19": 0.1437077443146896,
      "24": 0.1795098340503995,
      "29": 0.14393822987092808,
      "34": 0.18592501536570374,
      "39": 0.1713275968039336,
      "44": 0.17758912108174554,
      "49": 0.18738475722188075,
      "54": 0.19648893669330056,
      "59": 0.19837123540258145,
      "64": 0.16940688383527966,
      "69": 0.19748770743700061,
      "74": 0.18004763368162263,
      "79": 0.16587277197295636,
      "84": 0.2097418561770129,
      "89": 0.2225338045482483,
      "94": 0.2166180086047941,
      "99": 0.2162338660110633,
      "104": 0.2216118623232944,
      "109": 0.21965273509526737,
      "114": 0.22138137676705594,
      "119": 0.219960049170252,
      "124": 0.2204978488014751,
      "129": 0.22188076213890595,
      "134": 0.2216118623232944,
      "139": 0.22264904732636756,
      "144": 0.222380147510756,
      "149": 0.2223417332513829,
      "154": 0.22230331899200984,
      "159": 0.22207283343577136,
      "164": 0.22191917639827904,
      "169": 0.22207283343577136,
      "174": 0.22203441917639827,
      "179": 0.22191917639827904,
      "184": 0.22188076213890595,
      "189": 0.22176551936078673,
      "194": 0.22188076213890595,
      "199": 0.22214966195451752
    }
  }
}