{
  "dataset": "dtd",
  "seed": 1,
  "shots": 16,
  "mapping": "blmp",
  "head_select": "test_kl",
  "prime_criterion": "kl",
  "norm": "imagenet",
  "epochs": 200,
  "lr": 0.01,
  "eval_every": 1,
  "n_train": 752,
  "n_test": 1692,
  "best_test_acc": 0.4432624113475177,
  "best_epoch": 44,
  "final_test_acc": 0.4107565011820331,
  "curves": {
    "train_acc": [
      0.3829787234042553,
      0.4148936170212766,
      0.43351063829787234,
      0.4375,
      0.4401595744680851,
      0.449468085106383,
      0.4867021276595745,
      0.488031914893617,
      0.5026595744680851,
      0.5,
      0.5172872340425532,
      0.5146276595744681,
      0.5305851063829787,
      0.5319148936170213,
      0.5425531914893617,
      0.5558510638297872,
      0.5797872340425532,
      0.5664893617021277,
      0.5704787234042553,
      0.574468085106383,
      0.5877659574468085,
      0.6196808510638298,
      0.613031914893617,
      0.6196808510638298,
      0.625,
      0.6356382978723404,
      0.6396276595744681,
      0.6329787234042553,
      0.6382978723404256,
      0.6449468085106383,
      0.675531914893617,
      0.6675531914893617,
      0.6742021276595744,
      0.6848404255319149,
      0.6675531914893617,
      0.6888297872340425,
      0.7061170212765957,
      0.699468085106383,
      0.7021276595744681,
      0.7207446808510638,
      0.7194148936170213,
      0.714095744680851,
      0.7087765957446809,
      0.7287234042553191,
      0.7393617021276596,
      0.7486702127659575,
      0.7539893617021277,
      0.738031914893617,
      0.7606382978723404,
      0.7579787234042553,
      0.7593085106382979,
      0.7646276595744681,
      0.7593085106382979,
      0.7726063829787234,
      0.7699468085106383,
      0.773936170212766,
      0.776595744680851,
      0.7832446808510638,
      0.7805851063829787,
      0.8031914893617021,
      0.8071808510638298,
      0.8018617021276596,
      0.8218085106382979,
      0.8045212765957447,
      0.8098404255319149,
      0.8151595744680851,
      0.8164893617021277,
      0.8178191489361702,
      0.8311170212765957,
      0.8324468085106383,
      0.8351063829787234,
      0.8377659574468085,
      0.8497340425531915,
      0.851063829787234,
      0.8470744680851063,
      0.851063829787234,
      0.8537234042553191,
      0.8590425531914894,
      0.851063829787234,
      0.8710106382978723,
      0.8590425531914894,
      0.8603723404255319,
      0.8962765957446809,
      0.8803191489361702,
      0.8736702127659575,
      0.875,
      0.8736702127659575,
      0.886968085106383,
      0.8736702127659575,
      0.8816489361702128,
      0.8776595744680851,
      0.8856382978723404,
      0.886968085106383,
      0.8882978723404256,
      0.8949468085106383,
      0.8843085106382979,
      0.8962765957446809,
      0.9029255319148937,
      0.9042553191489362,
      0.901595744680851,
      0.9069148936170213,
      0.9215425531914894,
      0.9148936170212766,
      0.9215425531914894,
      0.9215425531914894,
      0.9242021276595744,
      0.925531914893617,
      0.9242021276595744,
      0.9268617021276596,
      0.9268617021276596,
      0.9281914893617021,
      0.9268617021276596,
      0.9268617021276596,
      0.9281914893617021,
      0.9281914893617021,
      0.9295212765957447,
      0.9295212765957447,
      0.9295212765957447,
      0.9295212765957447,
      0.9295212765957447,
      0.9295212765957447,
      0.9295212765957447,
      0.9295212765957447,
      0.9281914893617021,
      0.9295212765957447,
      0.9281914893617021,
      0.9281914893617021,
      0.9281914893617021,
      0.9281914893617021,
      0.9281914893617021,
      0.9281914893617021,
      0.9281914893617021,
      0.9281914893617021,
      0.9281914893617021,
      0.9281914893617021,
      0.9281914893617021,
      0.9281914893617021,
      0.9295212765957447,
      0.9281914893617021,
      0.9281914893617021,
      0.9295212765957447,
      0.9281914893617021,
      0.9295212765957447,
      0.9308510638297872,
      0.9308510638297872,
      0.9321808510638298,
      0.9335106382978723,
      0.9335106382978723,
      0.9335106382978723,
      0.9335106382978723,
      0.9335106382978723,
      0.9335106382978723,
      0.9335106382978723,
      0.9335106382978723,
      0.9335106382978723,
      0.9321808510638298,
      0.9321808510638298,
      0.9321808510638298,
      0.9321808510638298,
      0.9335106382978723,
      0.9335106382978723,
      0.9335106382978723,
      0.9335106382978723,
      0.9335106382978723,
      0.9335106382978723,
      0.9321808510638298,
      0.9335106382978723,
      0.9348404255319149,
      0.9335106382978723,
      0.9335106382978723,
      0.9335106382978723,
      0.9335106382978723,
      0.9348404255319149,
      0.9335106382978723,
      0.9335106382978723,
      0.9335106382978723,
      0.9335106382978723,
      0.9335106382978723,
      0.9335106382978723,
      0.9348404255319149,
      0.9335106382978723,
      0.9348404255319149,
      0.9348404255319149,
      0.9348404255319149,
      0.9348404255319149,
      0.9348404255319149,
      0.9348404255319149,
      0.9348404255319149,
      0.9348404255319149,
      0.9348404255319149,
      0.9348404255319149,
      0.9348404255319149,
      0.9348404255319149,
      0.9348404255319149,
      0.9348404255319149,
      0.9348404255319149,
      0.9348404255319149,
      0.9348404255319149,
      0.9348404255319149,
      0.9348404255319149
    ],
    "test_acc": {
      "0": 0.36997635933806144,
      "1": 0.36347517730496454,
      "2": 0.3611111111111111,
      "3": 0.36997635933806144,
      "4": 0.36997635933806144,
      "5": 0.3859338061465721,
      "6": 0.38652482269503546,
      "7": 0.37825059101654845,
      "8": 0.39302600472813237,
      "9": 0.3622931442080378,
      "10": 0.408983451536643,
      "11": 0.39952718676122934,
      "12": 0.41134751773049644,
      "13": 0.3900709219858156,
      "14": 0.3959810874704492,
      "15": 0.4166666666666667,
      "16": 0.4119385342789598,
      "17": 0.4237588652482269,
      "18": 0.4030732860520095,
      "19": 0.40721040189125296,
      "20": 0.41725768321513,
      "21": 0.42612293144208035,
      "22": 0.41725768321513,
      "23": 0.42257683215130026,
      "24": 0.4237588652482269,
      "25": 0.42021276595744683,
      "26": 0.44089834515366433,
      "27": 0.4243498817966903,
      "28": 0.4355791962174941,
      "29": 0.4308510638297872,
      "30": 0.425531914893617,
      "31": 0.4231678486997636,
      "32": 0.4284869976359338,
      "33": 0.42494089834515364,
      "34": 0.42494089834515364,
      "35": 0.42907801418439717,
      "36": 0.42671394799054374,
      "37": 0.42789598108747046,
      "38": 0.4296690307328605,
      "39": 0.43203309692671393,
      "40": 0.4284869976359338,
      "41": 0.4237588652482269,
      "42": 0.42257683215130026,
      "43": 0.4391252955082742,
      "44": 0.4432624113475177,
      "45": 0.4231678486997636,
      "46": 0.4397163120567376,
      "47": 0.42789598108747046,
      "48": 0.4302600472813239,
      "49": 0.42789598108747046,
      "50": 0.42671394799054374,
      "51": 0.4095744680851064,
      "52": 0.425531914893617,
      "53": 0.43617021276595747,
      "54": 0.42080378250591016,
      "55": 0.4379432624113475,
      "56": 0.4219858156028369,
      "57": 0.42080378250591016,
      "58": 0.44030732860520094,
      "59": 0.4302600472813239,
      "60": 0.4107565011820331,
      "61": 0.4314420803782506,
      "62": 0.4190307328605201,
      "63": 0.4178486997635934,
      "64": 0.4284869976359338,
      "65": 0.4326241134751773,
      "66": 0.42730496453900707,
      "67": 0.43203309692671393,
      "68": 0.4237588652482269,
      "69": 0.4302600472813239,
      "70": 0.4219858156028369,
      "71": 0.4284869976359338,
      "72": 0.4166666666666667,
      "73": 0.42021276595744683,
      "74": 0.41962174940898345,
      "75": 0.42080378250591016,