{
  "dataset": "eurosat",
  "seed": 0,
  "shots": 16,
  "mapping": "blmp",
  "head_select": "test_kl",
  "prime_criterion": "kl",
  "norm": "imagenet",
  "epochs": 200,
  "lr": 0.01,
  "eval_every": 2,
  "n_train": 160,
  "n_test": 8100,
  "best_test_acc": 0.758641975308642,
  "best_epoch": 97,
  "final_test_acc": 0.7553086419753087,
  "curves": {
    "train_acc": [
      0.4625,
      0.41875,
      0.39375,
      0.56875,
      0.56875,
      0.6,
      0.6875,
      0.6875,
      0.73125,
      0.7,
      0.76875,
      0.79375,
      0.81875,
      0.825,
      0.825,
      0.85,
      0.86875,
      0.86875,
      0.88125,
      0.88125,
      0.86875,
      0.9125,
      0.91875,
      0.93125,
      0.9375,
      0.9375,
      0.93125,
      0.96875,
      0.9625,
      0.95625,
      0.975,
      0.975,
      0.975,
      0.98125,
      0.975,
      0.975,
      0.96875,
      0.975,
      0.975,
      0.98125,
      0.99375,
      1.0,
      1.0,
      1.0,
      1.0,
      1.0,
      1.0,
      1.0,
      1.0,
      1.0,
      1.0,
      1.0,
      1.0,
      1.0,
      1.0,
      1.0,
      1.0,
      0.99375,
      0.96875,
      0.99375,
      1.0,
      0.9875,
      1.0,
      0.99375,
      0.99375,
      1.0,
      0.99375,
      0.99375,
      0.99375,
      0.99375,
      1.0,
      1.0,
      1.0,
      1.0,
      1.0,
      1.0,
      1.0,
      1.0,
      1.0,
      1.0,
      1.0,
      1.0,
      1.0,
      1.0,
      1.0,
      1.0,
      1.0,
      1.0,
      1.0,
      1.0,
      1.0,
      1.0,
      1.0,
      1.0,
      1.0,
      1.0,
      1.0,
      1.0,
      1.0,
      1.0,
      1.0,
      1.0,
      1.0,
      1.0,
      1.0,
      1.0,
      1.0,
      1.0,
      1.0,
      1.0,
      1.0,
      1.0,
      1.0,
      1.0,
      1.0,
      1.0,
      1.0,
      1.0,
      1.0,
      1.0,
      1.0,
      1.0,
      1.0,
      1.0,
      1.0,
      1.0,
      1.0,
      1.0,
      1.0,
      1.0,
      1.0,
      1.0,
      1.0,
      1.0,
      1.0,
      1.0,
      1.0,
      1.0,
      1.0,
      1.0,
      1.0,
      1.0,
      1.0,
      1.0,
      1.0,
      1.0,
      1.0,
      1.0,
      1.0,
      1.0,
      1.0,
      1.0,
      1.0,
      1.0,
      1.0,
      1.0,
      1.0,
      1.0,
      1.0,
      1.0,
      1.0,
      1.0,
      1.0,
      1.0,
      1.0,
      1.0,
      1.0,
      1.0,
      1.0,
      1.0,
      1.0,
      1.0,
      1.0,
      1.0,
      1.0,
      1.0,
      1.0,
      1.0,
      1.0,
      1.0,
      1.0,
      1.0,
      1.0,
      1.0,
      1.0,
      1.0,
      1.0,
      1.0,
      1.0,
      1.0,
      1.0,
      1.0,
      1.0,
      1.0,
      1.0,
      1.0,
      1.0,
      1.0,
      1.0,
      1.0
    ],
    "test_acc": {
      "1": 0.4138271604938272,
      "3": 0.4776543209876543,
      "5": 0.548641975308642,
      "7": 0.6044444444444445,
      "9": 0.5938271604938271,
      "11": 0.6546913580246914,
      "13": 0.6571604938271605,
      "15": 0.6819753086419753,
      "17": 0.6776543209876543,
      "19": 0.6935802469135802,
      "21": 0.7037037037037037,
      "23": 0.7149382716049383,
      "25": 0.7123456790123457,
      "27": 0.7249382716049383,
      "29": 0.73,
      "31": 0.744320987654321,
      "33": 0.7360493827160494,
      "35": 0.7429629629629629,
      "37": 0.7544444444444445,
      "39": 0.7437037037037038,
      "41": 0.7545679012345679,
      "43": 0.7546913580246913,
      "45": 0.7562962962962962,
      "47": 0.7483950617283951,
      "49": 0.7419753086419754,
      "51": 0.7475308641975309,
      "53": 0.7520987654320987,
      "55": 0.7459259259259259,
      "57": 0.7349382716049383,
      "59": 0.7492592592592593,
      "61": 0.7391358024691358,
      "63": 0.7234567901234568,
      "65": 0.7471604938271605,
      "67": 0.7512345679012346,
      "69": 0.7464197530864197,
      "71": 0.7488888888888889,
      "73": 0.7560493827160494,
      "75": 0.7472839506172839,
      "77": 0.7559259259259259,
      "79": 0.7535802469135803,
      "81": 0.7522222222222222,
      "83": 0.7577777777777778,
      "85": 0.7504938271604938,
      "87": 0.7527160493827161,
      "89": 0.7493827160493827,
      "91": 0.7516049382716049,
      "93": 0.7549382716049383,
      "95": 0.7582716049382716,
      "97": 0.758641975308642,
      "99": 0.7546913580246913,
      "101": 0.7523456790123457,
      "103": 0.7522222222222222,
      "105": 0.7537037037037037,
      "107": 0.7533333333333333,
      "109": 0.7533333333333333,
      "111": 0.754320987654321,
      "113": 0.7544444444444445,
      "115": 0.7549382716049383,
      "117": 0.7560493827160494,
      "119": 0.7558024691358025,
      "121": 0.755432098765432,
      "123": 0.7555555555555555,
      "125": 0.7555555555555555,
      "127": 0.7564197530864197,
      "129": 0.7560493827160494,
      "131": 0.7566666666666667,
      "133": 0.7565432098765432,
      "135": 0.7569135802469136,
      "137": 0.7567901234567901,
      "139": 0.7569135802469136,
      "141": 0.7569135802469136,
      "143": 0.7565432098765432,
      "145": 0.7565432098765432,
      "147": 0.7560493827160494,
      "149": 0.7564197530864197,
      "151": 0.7562962962962962,
      "153": 0.7558024691358025,
      "155": 0.7564197530864197,
      "157": 0.7560493827160494,
      "159": 0.7560493827160494,
      "161": 0.7565432098765432,
      "163": 0.7564197530864197,
      "165": 0.7566666666666667,
      "167": 0.7564197530864197,
      "169": 0.7565432098765432,
      "171": 0.7562962962962962,
      "173": 0.7562962962962962,
      "175": 0.7567901234567901,
      "177": 0.7562962962962962,
      "179": 0.7562962962962962,
      "181": 0.7565432098765432,
      "183": 0.7555555555555555,
      "185": 0.7553086419753087,
      "187": 0.7565432098765432,
      "189": 0.7564197530864197,
      "191": 0.7565432098765432,
      "193": 0.7564197530864197,
      "195": 0.7553086419753087,
      "197": 0.755679012345679,
      "199": 0.7553086419753087
    }
  }
}