{
  "dataset": "eurosat",
  "seed": 0,
  "shots": 16,
  "mapping": "identity",
  "head_select": "test_kl",
  "prime_criterion": "kl",
  "norm": "imagenet",
  "epochs": 200,
  "lr": 0.01,
  "eval_every": 2,
  "n_train": 160,
  "n_test": 8100,
  "best_test_acc": 0.7793827160493827,
  "best_epoch": 131,
  "final_test_acc": 0.7790123456790123,
  "curves": {
    "train_acc": [
      0.39375,
      0.35,
      0.4125,
      0.475,
      0.49375,
      0.5625,
      0.65,
      0.73125,
      0.73125,
      0.74375,
      0.79375,
      0.75625,
      0.7625,
      0.84375,
      0.875,
      0.8875,
      0.8875,
      0.88125,
      0.91875,
      0.925,
      0.95625,
      0.94375,
      0.95,
      0.95625,
      0.9625,
      0.975,
      0.98125,
      0.98125,
      0.98125,
      0.98125,
      0.98125,
      0.98125,
      0.98125,
      0.98125,
      0.98125,
      0.9875,
      0.98125,
      0.98125,
      1.0,
      0.9875,
      0.99375,
      1.0,
      1.0,
      1.0,
      1.0,
      1.0,
      1.0,
      1.0,
      1.0,
      1.0,
      1.0,
      1.0,
      1.0,
      1.0,
      1.0,
      1.0,
      1.0,
      1.0,
      1.0,
      1.0,
      1.0,
      1.0,
      1.0,
      1.0,
      1.0,
      1.0,
      1.0,
      1.0,
      1.0,
      1.0,
      1.0,
      1.0,
      1.0,
      1.0,
      1.0,
      1.0,
      1.0,
      1.0,
      1.0,
      1.0,
      1.0,
      1.0,
      1.0,
      1.0,
      1.0,
      1.0,
      1.0,
      1.0,
      1.0,
      1.0,
      1.0,
      1.0,
      1.0,
      1.0,
      1.0,
      1.0,
      1.0,
      1.0,
      1.0,
      1.0,
      1.0,
      1.0,
      1.0,
      1.0,
      1.0,
      1.0,
      1.0,
      1.0,
      1.0,
      1.0,
      1.0,
      1.0,
      1.0,
      1.0,
      1.0,
      1.0,
      1.0,
      1.0,
      1.0,
      1.0,
      1.0,
      1.0,
      1.0,
      1.0,
      1.0,
      1.0,
      1.0,
      1.0,
      1.0,
      1.0,
      1.0,
      1.0,
      1.0,
      1.0,
      1.0,
      1.0,
      1.0,
      1.0,
      1.0,
      1.0,
      1.0,
      1.0,
      1.0,
      1.0,
      1.0,
      1.0,
      1.0,
      1.0,
      1.0,
      1.0,
      1.0,
      1.0,
      1.0,
      1.0,
      1.0,
      1.0,
      1.0,
      1.0,
      1.0,
      1.0,
      1.0,
      1.0,
      1.0,
      1.0,
      1.0,
      1.0,
      1.0,
      1.0,
      1.0,
      1.0,
      1.0,
      1.0,
      1.0,
      1.0,
      1.0,
      1.0,
      1.0,
      1.0,
      1.0,
      1.0,
      1.0,
      1.0,
      1.0,
      1.0,
      1.0,
      1.0,
      1.0,
      1.0,
      1.0,
      1.0,
      1.0,
      1.0,
      1.0,
      1.0,
      1.0,
      1.0,
      1.0,
      1.0,
      1.0,
      1.0
    ],
    "test_acc": {
      "1": 0.3512345679012346,
      "3": 0.40925925925925927,
      "5": 0.5067901234567901,
      "7": 0.5819753086419753,
      "9": 0.611358024691358,
      "11": 0.6301234567901235,
      "13": 0.6707407407407407,
      "15": 0.6814814814814815,
      "17": 0.7035802469135802,
      "19": 0.707037037037037,
      "21": 0.7085185185185185,
      "23": 0.7286419753086419,
      "25": 0.73,
      "27": 0.7297530864197531,
      "29": 0.744320987654321,
      "31": 0.7425925925925926,
      "33": 0.7480246913580247,
      "35": 0.7476543209876543,
      "37": 0.7404938271604938,
      "39": 0.7493827160493827,
      "41": 0.7549382716049383,
      "43": 0.7495061728395062,
      "45": 0.7593827160493827,
      "47": 0.7560493827160494,
      "49": 0.7654320987654321,
      "51": 0.7645679012345679,
      "53": 0.7707407407407407,
      "55": 0.7677777777777778,
      "57": 0.7676543209876543,
      "59": 0.7723456790123456,
      "61": 0.7683950617283951,
      "63": 0.7687654320987655,
      "65": 0.7718518518518519,
      "67": 0.7693827160493827,
      "69": 0.7704938271604939,
      "71": 0.7723456790123456,
      "73": 0.7737037037037037,
      "75": 0.7744444444444445,
      "77": 0.7750617283950617,
      "79": 0.7746913580246914,
      "81": 0.7746913580246914,
      "83": 0.774320987654321,
      "85": 0.7758024691358024,
      "87": 0.7767901234567901,
      "89": 0.7769135802469136,
      "91": 0.7777777777777778,
      "93": 0.7785185185185185,
      "95": 0.7788888888888889,
      "97": 0.778641975308642,
      "99": 0.7785185185185185,
      "101": 0.7781481481481481,
      "103": 0.778395061728395,
      "105": 0.7780246913580247,
      "107": 0.7781481481481481,
      "109": 0.778641975308642,
      "111": 0.7782716049382716,
      "113": 0.7785185185185185,
      "115": 0.7785185185185185,
      "117": 0.7782716049382716,
      "119": 0.7787654320987655,
      "121": 0.7785185185185185,
      "123": 0.7787654320987655,
      "125": 0.7790123456790123,
      "127": 0.7788888888888889,
      "129": 0.7788888888888889,
      "131": 0.7793827160493827,
      "133": 0.7790123456790123,
      "135": 0.7787654320987655,
      "137": 0.7788888888888889,
      "139": 0.778395061728395,
      "141": 0.7791358024691358,
      "143": 0.778395061728395,
      "145": 0.7787654320987655,
      "147": 0.7791358024691358,
      "149": 0.778641975308642,
      "151": 0.7788888888888889,
      "153": 0.7790123456790123,
      "155": 0.7790123456790123,
      "157": 0.7787654320987655,
      "159": 0.778641975308642,
      "161": 0.7785185185185185,
      "163": 0.7787654320987655,
      "165": 0.7788888888888889,
      "167": 0.7785185185185185,
      "169": 0.7785185185185185,
      "171": 0.7788888888888889,
      "173": 0.7787654320987655,
      "175": 0.7791358024691358,
      "177": 0.778641975308642,
      "179": 0.778641975308642,
      "181": 0.7782716049382716,
      "183": 0.7785185185185185,
      "185": 0.778641975308642,
      "187": 0.7785185185185185,
      "189": 0.7788888888888889,
      "191": 0.7788888888888889,
      "193": 0.7787654320987655,
      "195": 0.7785185185185185,
      "197": 0.7788888888888889,
      "199": 0.7790123456790123
    }
  }
}