{
  "dataset": "dtd",
  "seed": 0,
  "shots": 16,
  "mapping": "blmp",
  "head_select": "test_kl",
  "prime_criterion": "kl",
  "norm": "imagenet",
  "epochs": 200,
  "lr": 0.01,
  "eval_every": 1,
  "n_train": 752,
  "n_test": 1692,
  "best_test_acc": 0.4385342789598109,
  "best_epoch": 28,
  "final_test_acc": 0.40425531914893614,
  "curves": {
    "train_acc": [
      0.4002659574468085,
      0.42686170212765956,
      0.4148936170212766,
      0.42819148936170215,
      0.4375,
      0.4627659574468085,
      0.48404255319148937,
      0.4720744680851064,
      0.4787234042553192,
      0.4973404255319149,
      0.5226063829787234,
      0.5492021276595744,
      0.5571808510638298,
      0.5492021276595744,
      0.5558510638297872,
      0.5492021276595744,
      0.5678191489361702,
      0.5784574468085106,
      0.5718085106382979,
      0.5824468085106383,
      0.5877659574468085,
      0.5970744680851063,
      0.6143617021276596,
      0.5970744680851063,
      0.6170212765957447,
      0.598404255319149,
      0.6316489361702128,
      0.613031914893617,
      0.6183510638297872,
      0.6502659574468085,
      0.636968085106383,
      0.6529255319148937,
      0.648936170212766,
      0.6648936170212766,
      0.6742021276595744,
      0.6835106382978723,
      0.6835106382978723,
      0.6795212765957447,
      0.7021276595744681,
      0.6861702127659575,
      0.6808510638297872,
      0.6861702127659575,
      0.699468085106383,
      0.7087765957446809,
      0.7194148936170213,
      0.7034574468085106,
      0.723404255319149,
      0.7273936170212766,
      0.7433510638297872,
      0.7659574468085106,
      0.7446808510638298,
      0.7486702127659575,
      0.7579787234042553,
      0.7579787234042553,
      0.7632978723404256,
      0.75,
      0.773936170212766,
      0.7938829787234043,
      0.7845744680851063,
      0.7712765957446809,
      0.7898936170212766,
      0.7819148936170213,
      0.761968085106383,
      0.7952127659574468,
      0.7992021276595744,
      0.800531914893617,
      0.8031914893617021,
      0.8058510638297872,
      0.8257978723404256,
      0.8085106382978723,
      0.8178191489361702,
      0.8218085106382979,
      0.824468085106383,
      0.8191489361702128,
      0.8218085106382979,
      0.8430851063829787,
      0.8311170212765957,
      0.8404255319148937,
      0.8444148936170213,
      0.8351063829787234,
      0.8404255319148937,
      0.851063829787234,
      0.8523936170212766,
      0.8670212765957447,
      0.8776595744680851,
      0.8603723404255319,
      0.8710106382978723,
      0.8617021276595744,
      0.8763297872340425,
      0.8736702127659575,
      0.8776595744680851,
      0.875,
      0.8789893617021277,
      0.8909574468085106,
      0.8922872340425532,
      0.8896276595744681,
      0.8909574468085106,
      0.8736702127659575,
      0.8922872340425532,
      0.8909574468085106,
      0.9095744680851063,
      0.9228723404255319,
      0.9361702127659575,
      0.9361702127659575,
      0.9348404255319149,
      0.9388297872340425,
      0.9401595744680851,
      0.9428191489361702,
      0.9414893617021277,
      0.9468085106382979,
      0.9454787234042553,
      0.949468085106383,
      0.949468085106383,
      0.949468085106383,
      0.9507978723404256,
      0.9534574468085106,
      0.9521276595744681,
      0.9534574468085106,
      0.9534574468085106,
      0.9534574468085106,
      0.9534574468085106,
      0.9534574468085106,
      0.9534574468085106,
      0.9534574468085106,
      0.9507978723404256,
      0.949468085106383,
      0.9507978723404256,
      0.9521276595744681,
      0.9507978723404256,
      0.9534574468085106,
      0.9521276595744681,
      0.9534574468085106,
      0.9534574468085106,
      0.9521276595744681,
      0.9521276595744681,
      0.9534574468085106,
      0.9521276595744681,
      0.9521276595744681,
      0.9534574468085106,
      0.9534574468085106,
      0.9547872340425532,
      0.9534574468085106,
      0.9534574468085106,
      0.9534574468085106,
      0.9547872340425532,
      0.9547872340425532,
      0.9547872340425532,
      0.9547872340425532,
      0.9547872340425532,
      0.9547872340425532,
      0.9547872340425532,
      0.9547872340425532,
      0.9547872340425532,
      0.9547872340425532,
      0.9547872340425532,
      0.9547872340425532,
      0.9547872340425532,
      0.9547872340425532,
      0.9547872340425532,
      0.9547872340425532,
      0.9547872340425532,
      0.9547872340425532,
      0.9547872340425532,
      0.9547872340425532,
      0.9547872340425532,
      0.9547872340425532,
      0.9547872340425532,
      0.9547872340425532,
      0.9547872340425532,
      0.9547872340425532,
      0.9547872340425532,
      0.9547872340425532,
      0.9547872340425532,
      0.9547872340425532,
      0.9547872340425532,
      0.9547872340425532,
      0.9547872340425532,
      0.9547872340425532,
      0.9547872340425532,
      0.9547872340425532,
      0.9547872340425532,
      0.9547872340425532,
      0.9547872340425532,
      0.9547872340425532,
      0.9547872340425532,
      0.9547872340425532,
      0.9547872340425532,
      0.9547872340425532,
      0.9547872340425532,
      0.9547872340425532,
      0.9547872340425532,
      0.9547872340425532,
      0.9547872340425532,
      0.9547872340425532,
      0.9547872340425532,
      0.9547872340425532,
      0.9547872340425532,
      0.9547872340425532,
      0.9547872340425532,
      0.9547872340425532
    ],
    "test_acc": {
      "0": 0.3640661938534279,
      "1": 0.37293144208037826,
      "2": 0.36583924349881797,
      "3": 0.35815602836879434,
      "4": 0.36997635933806144,
      "5": 0.3764775413711584,
      "6": 0.3900709219858156,
      "7": 0.3953900709219858,
      "8": 0.39775413711583923,
      "9": 0.3817966903073286,
      "10": 0.38652482269503546,
      "11": 0.39302600472813237,
      "12": 0.408983451536643,
      "13": 0.3888888888888889,
      "14": 0.41371158392434987,
      "15": 0.3900709219858156,
      "16": 0.4013002364066194,
      "17": 0.3959810874704492,
      "18": 0.40543735224586286,
      "19": 0.4024822695035461,
      "20": 0.408983451536643,
      "21": 0.40721040189125296,
      "22": 0.40484633569739953,
      "23": 0.41430260047281325,
      "24": 0.4166666666666667,
      "25": 0.4036643026004728,
      "26": 0.4083924349881797,
      "27": 0.41252955082742315,
      "28": 0.4385342789598109,
      "29": 0.41312056737588654,
      "30": 0.42612293144208035,
      "31": 0.4243498817966903,
      "32": 0.4078014184397163,
      "33": 0.4095744680851064,
      "34": 0.4148936170212766,
      "35": 0.4036643026004728,
      "36": 0.42139479905437355,
      "37": 0.4148936170212766,
      "38": 0.3947990543735225,
      "39": 0.4066193853427896,
      "40": 0.4314420803782506,
      "41": 0.43439716312056736,
      "42": 0.42139479905437355,
      "43": 0.4095744680851064,
      "44": 0.42080378250591016,
      "45": 0.42080378250591016,
      "46": 0.4237588652482269,
      "47": 0.4101654846335697,
      "48": 0.4296690307328605,
      "49": 0.4160756501182033,
      "50": 0.40602836879432624,
      "51": 0.42021276595744683,
      "52": 0.425531914893617,
      "53": 0.4166666666666667,
      "54": 0.41843971631205673,
      "55": 0.42139479905437355,
      "56": 0.4160756501182033,
      "57": 0.4030732860520095,
      "58": 0.41312056737588654,
      "59": 0.40543735224586286,
      "60": 0.40543735224586286,
      "61": 0.408983451536643,
      "62": 0.42257683215130026,
      "63": 0.40602836879432624,
      "64": 0.4178486997635934,
      "65": 0.4160756501182033,
      "66": 0.41134751773049644,
      "67": 0.40543735224586286,
      "68": 0.40484633569739953,
      "69": 0.41548463356973997,
      "70": 0.39893617021276595,
      "71": 0.41548463356973997,
      "72": 0.3971631205673759,
      "73": 0.4101654846335697,
      "74": 0.4107565011820331,
      "75": 0.4066193853427896,