{
  "dataset": "flowers102",
  "seed": 0,
  "shots": -1,
  "mapping": "blmp",
  "head_select": "test_kl",
  "prime_criterion": "kl",
  "norm": "imagenet",
  "epochs": 200,
  "lr": 0.01,
  "eval_every": 1,
  "n_train": 4093,
  "n_test": 2463,
  "best_test_acc": 0.8660170523751523,
  "best_epoch": 100,
  "final_test_acc": 0.8583028826634186,
  "curves": {
    "train_acc": [
      0.6066454923039335,
      0.6603957977033961,
      0.6997312484730027,
      0.7463962863425361,
      0.7637429758123626,
      0.7920840459320792,
      0.8079648179819203,
      0.8094307354019057,
      0.8052773027119472,
      0.8204251160517958,
      0.8255558270217445,
      0.8211580747617884,
      0.8248228683117518,
      0.840703640361593,
      0.8377718055216223,
      0.8387490838016125,
      0.8504764231614952,
      0.8546298558514537,
      0.8536525775714635,
      0.8641583190813584,
      0.8636696799413633,
      0.8651355973613486,
      0.8668458343513316,
      0.8727095040312729,
      0.8775958954312241,
      0.8751526997312484,
      0.8780845345712192,
      0.8763742975812363,
      0.8873686782311263,
      0.8829709259711703,
      0.8859027608111409,
      0.8929880283410702,
      0.8873686782311263,
      0.8951869044710481,
      0.8978744197410212,
      0.8937209870510628,
      0.9027608111409724,
      0.8988516980210115,
      0.8973857806010261,
      0.8964085023210359,
      0.9061812851209382,
      0.9081358416809187,
      0.8966528218910335,
      0.9022721720009773,
      0.9052040068409479,
      0.9044710481309552,
      0.9044710481309552,
      0.9059369655509406,
      0.9091131199609088,
      0.9108233569508918,
      0.9152211092108478,
      0.9120449548008795,
      0.907402882970926,
      0.9100903982408991,
      0.9110676765208893,
      0.9152211092108478,
      0.9166870266308331,
      0.9122892743708771,
      0.9130222330808698,
      0.9159540679208404,
      0.918397263620816,
      0.9144881505008551,
      0.9103347178108967,
      0.9152211092108478,
      0.9215734180307843,
      0.9196188614708039,
      0.9259711702907403,
      0.920596139750794,
      0.9262154898607379,
      0.9198631810408013,
      0.9269484485707306,
      0.928903005130711,
      0.9281700464207183,
      0.9303689225506964,
      0.9306132421206939,
      0.9264598094307354,
      0.9284143659907158,
      0.9323234791106768,
      0.9306132421206939,
      0.9284143659907158,
      0.9242609333007574,
      0.9252382115807476,
      0.9303689225506964,
      0.9315905204006841,
      0.9352553139506474,
      0.9367212313706328,
      0.935499633520645,
      0.9386757879306132,
      0.9367212313706328,
      0.9328121182506719,
      0.9379428292206206,
      0.9403860249205961,
      0.9411189836305888,
      0.9433178597605668,
      0.9447837771805522,
      0.9442951380405571,
      0.9440508184705595,
      0.9435621793305644,
      0.9423405814805766,
      0.9457610554605423,
      0.9518690447104813,
      0.9604202296603958,
      0.9633520645003665,
      0.9650623014903493,
      0.9640850232103592,
      0.9653066210603469,
      0.9643293427803568,
      0.9640850232103592,
      0.9665282189103347,
      0.9648179819203518,
      0.9670168580503299,
      0.9662838993403372,
      0.9672611776203274,
      0.9670168580503299,
      0.9665282189103347,
      0.9672611776203274,
      0.9667725384803323,
      0.9677498167603225,
      0.9670168580503299,
      0.9682384559003177,
      0.9677498167603225,
      0.967505497190325,
      0.9677498167603225,
      0.9682384559003177,
      0.9682384559003177,
      0.9689714146103103,
      0.9682384559003177,
      0.9687270950403127,
      0.96799413633032,
      0.9684827754703151,
      0.9677498167603225,
      0.9682384559003177,
      0.967505497190325,
      0.9694600537503054,
      0.9692157341803078,
      0.9697043733203029,
      0.9687270950403127,
      0.9692157341803078,
      0.9697043733203029,
      0.9684827754703151,
      0.9692157341803078,
      0.9689714146103103,
      0.9701930124602981,
      0.9699486928903005,
      0.9684827754703151,
      0.9697043733203029,
      0.9699486928903005,
      0.9697043733203029,
      0.9699486928903005,
      0.9701930124602981,
      0.9701930124602981,
      0.9701930124602981,
      0.9701930124602981,
      0.9704373320302956,
      0.9701930124602981,
      0.9701930124602981,
      0.9701930124602981,
      0.9701930124602981,
      0.9701930124602981,
      0.9701930124602981,
      0.9704373320302956,
      0.9701930124602981,
      0.9701930124602981,
      0.9704373320302956,
      0.9701930124602981,
      0.9701930124602981,
      0.9701930124602981,
      0.9701930124602981,
      0.9704373320302956,
      0.9704373320302956,
      0.9704373320302956,
      0.9704373320302956,
      0.9701930124602981,
      0.9704373320302956,
      0.9704373320302956,
      0.9699486928903005,
      0.9701930124602981,
      0.9699486928903005,
      0.9701930124602981,
      0.9701930124602981,
      0.9699486928903005,
      0.9699486928903005,
      0.9706816516002932,
      0.9704373320302956,
      0.9701930124602981,
      0.9704373320302956,
      0.9699486928903005,
      0.9704373320302956,
      0.9701930124602981,
      0.9699486928903005,
      0.9704373320302956,
      0.9701930124602981,
      0.9699486928903005,
      0.9701930124602981,
      0.9699486928903005,
      0.9699486928903005,
      0.9699486928903005,
      0.9701930124602981,
      0.9701930124602981,
      0.9699486928903005
    ],
    "test_acc": {
      "0": 0.6118554608201381,
      "1": 0.6743808363784003,
      "2": 0.7161997563946407,
      "3": 0.7632967925294356,
      "4": 0.7689809175801867,
      "5": 0.7815671944782785,
      "6": 0.7929354445797807,
      "7": 0.7945594803085668,
      "8": 0.7913114088509947,
      "9": 0.8071457572066586,
      "10": 0.8087697929354446,
      "11": 0.808363784003248,
      "12": 0.8087697929354446,
      "13": 0.809175801867641,
      "14": 0.8177019894437678,
      "15": 0.8221680876979294,
      "16": 0.8278522127486805,
      "17": 0.8246041412911084,
      "18": 0.8282582216808769,
      "19": 0.8416565164433617,
      "20": 0.8380024360535931,
      "21": 0.8250101502233049,
      "22": 0.8335363377994316,
      "23": 0.8477466504263094,
      "24": 0.8367844092570037,
      "25": 0.8420625253755583,
      "26": 0.8449045879009338,
      "27": 0.8436865611043443,
      "28": 0.8509947218838815,
      "29": 0.8526187576126675,
      "30": 0.8534307754770605,
      "31": 0.8465286236297198,
      "32": 0.8509947218838815,
      "33": 0.85464880227365,
      "34": 0.8436865611043443,
      "35": 0.8522127486804709,
      "36": 0.8509947218838815,
      "37": 0.8436865611043443,
      "38": 0.8505887129516849,
      "39": 0.8505887129516849,
      "40": 0.8607389362565977,
      "41": 0.8587088915956151,
      "42": 0.8469346325619164,
      "43": 0.8514007308160779,
      "44": 0.8436865611043443,
      "45": 0.8477466504263094,
      "46": 0.8505887129516849,
      "47": 0.8550548112058465,
      "48": 0.8591149005278116,
      "49": 0.8420625253755583,
      "50": 0.8518067397482745,
      "51": 0.8497766950872919,
      "52": 0.8558668290702396,
      "53": 0.8509947218838815,
      "54": 0.85464880227365,
      "55": 0.8481526593585059,
      "56": 0.8574908647990256,
      "57": 0.8497766950872919,
      "58": 0.856272838002436,
      "59": 0.8440925700365408,
      "60": 0.8509947218838815,
      "61": 0.8514007308160779,
      "62": 0.8481526593585059,
      "63": 0.8505887129516849,
      "64": 0.8542427933414535,
      "65": 0.8603329273244011,
      "66": 0.8627689809175801,
      "67": 0.8522127486804709,
      "68": 0.8522127486804709,
      "69": 0.857084855866829,
      "70": 0.8542427933414535,
      "71": 0.853836784409257,
      "72": 0.8481526593585059,
      "73": 0.8493706861550954,
      "74": 0.8481526593585059,