{
  "dataset": "eurosat",
  "seed": 0,
  "shots": 16,
  "mapping": "blmp",
  "head_select": "test_kl",
  "prime_criterion": "ce",
  "norm": "imagenet",
  "epochs": 200,
  "lr": 0.01,
  "eval_every": 2,
  "n_train": 160,
  "n_test": 8100,
  "best_test_acc": 0.6801234567901234,
  "best_epoch": 81,
  "final_test_acc": 0.677283950617284,
  "curves": {
    "train_acc": [
      0.525,
      0.39375,
      0.45625,
      0.5375,
      0.5625,
      0.63125,
      0.65,
      0.68125,
      0.675,
      0.71875,
      0.69375,
      0.6875,
      0.7,
      0.71875,
      0.75,
      0.76875,
      0.7875,
      0.80625,
      0.7875,
      0.825,
      0.8125,
      0.825,
      0.8125,
      0.8375,
      0.85,
      0.85,
      0.8625,
      0.86875,
      0.86875,
      0.86875,
      0.875,
      0.89375,
      0.89375,
      0.89375,
      0.89375,
      0.89375,
      0.89375,
      0.9,
      0.9,
      0.89375,
      0.9,
      0.88125,
      0.89375,
      0.9,
      0.9,
      0.9,
      0.9,
      0.9,
      0.9,
      0.9,
      0.9,
      0.9,
      0.9,
      0.9,
      0.9,
      0.9,
      0.9,
      0.9,
      0.9,
      0.9,
      0.9,
      0.9,
      0.9,
      0.9,
      0.9,
      0.9,
      0.9,
      0.9,
      0.9,
      0.9,
      0.9,
      0.9,
      0.9,
      0.9,
      0.9,
      0.9,
      0.9,
      0.9,
      0.9,
      0.9,
      0.9,
      0.9,
      0.9,
      0.9,
      0.9,
      0.9,
      0.9,
      0.9,
      0.9,
      0.9,
      0.9,
      0.9,
      0.9,
      0.9,
      0.9,
      0.9,
      0.9,
      0.9,
      0.9,
      0.9,
      0.9,
      0.9,
      0.9,
      0.9,
      0.9,
      0.9,
      0.9,
      0.9,
      0.9,
      0.9,
      0.9,
      0.9,
      0.9,
      0.9,
      0.9,
      0.9,
      0.9,
      0.9,
      0.9,
      0.9,
      0.9,
      0.9,
      0.9,
      0.9,
      0.9,
      0.9,
      0.9,
      0.9,
      0.9,
      0.9,
      0.9,
      0.9,
      0.9,
      0.9,
      0.9,
      0.9,
      0.9,
      0.9,
      0.9,
      0.9,
      0.9,
      0.9,
      0.9,
      0.9,
      0.9,
      0.9,
      0.9,
      0.9,
      0.9,
      0.9,
      0.9,
      0.9,
      0.9,
      0.9,
      0.9,
      0.9,
      0.9,
      0.9,
      0.9,
      0.9,
      0.9,
      0.9,
      0.9,
      0.9,
      0.9,
      0.9,
      0.9,
      0.9,
      0.9,
      0.9,
      0.9,
      0.9,
      0.9,
      0.9,
      0.9,
      0.9,
      0.9,
      0.9,
      0.9,
      0.9,
      0.9,
      0.9,
      0.9,
      0.9,
      0.9,
      0.9,
      0.9,
      0.9,
      0.9,
      0.9,
      0.9,
      0.9,
      0.9,
      0.9,
      0.9,
      0.9,
      0.9,
      0.9,
      0.9,
      0.9
    ],
    "test_acc": {
      "1": 0.4292592592592593,
      "3": 0.5122222222222222,
      "5": 0.5687654320987654,
      "7": 0.5787654320987654,
      "9": 0.5983950617283951,
      "11": 0.5961728395061728,
      "13": 0.5981481481481481,
      "15": 0.6079012345679012,
      "17": 0.6074074074074074,
      "19": 0.6239506172839506,
      "21": 0.6314814814814815,
      "23": 0.6379012345679013,
      "25": 0.6471604938271605,
      "27": 0.6428395061728395,
      "29": 0.6514814814814814,
      "31": 0.6534567901234568,
      "33": 0.6546913580246914,
      "35": 0.6603703703703704,
      "37": 0.6569135802469136,
      "39": 0.6361728395061729,
      "41": 0.6625925925925926,
      "43": 0.6553086419753087,
      "45": 0.6688888888888889,
      "47": 0.6613580246913581,
      "49": 0.6723456790123457,
      "51": 0.6738271604938272,
      "53": 0.6780246913580247,
      "55": 0.6761728395061728,
      "57": 0.6733333333333333,
      "59": 0.6755555555555556,
      "61": 0.6709876543209876,
      "63": 0.6759259259259259,
      "65": 0.6753086419753086,
      "67": 0.6788888888888889,
      "69": 0.6791358024691359,
      "71": 0.6782716049382717,
      "73": 0.6764197530864198,
      "75": 0.6767901234567901,
      "77": 0.677283950617284,
      "79": 0.6760493827160494,
      "81": 0.6801234567901234,
      "83": 0.6790123456790124,
      "85": 0.6765432098765433,
      "87": 0.6777777777777778,
      "89": 0.6775308641975308,
      "91": 0.6779012345679012,
      "93": 0.6779012345679012,
      "95": 0.6761728395061728,
      "97": 0.677037037037037,
      "99": 0.6771604938271605,
      "101": 0.677283950617284,
      "103": 0.6765432098765433,
      "105": 0.6760493827160494,
      "107": 0.6761728395061728,
      "109": 0.6764197530864198,
      "111": 0.6765432098765433,
      "113": 0.6765432098765433,
      "115": 0.6769135802469136,
      "117": 0.677037037037037,
      "119": 0.6766666666666666,
      "121": 0.6766666666666666,
      "123": 0.6766666666666666,
      "125": 0.6762962962962963,
      "127": 0.6769135802469136,
      "129": 0.6767901234567901,
      "131": 0.6771604938271605,
      "133": 0.6771604938271605,
      "135": 0.677283950617284,
      "137": 0.6769135802469136,
      "139": 0.677037037037037,
      "141": 0.677037037037037,
      "143": 0.6766666666666666,
      "145": 0.6766666666666666,
      "147": 0.6766666666666666,
      "149": 0.6766666666666666,
      "151": 0.6767901234567901,
      "153": 0.677037037037037,
      "155": 0.677037037037037,
      "157": 0.6769135802469136,
      "159": 0.6771604938271605,
      "161": 0.6771604938271605,
      "163": 0.6766666666666666,
      "165": 0.6771604938271605,
      "167": 0.6766666666666666,
      "169": 0.677037037037037,
      "171": 0.677037037037037,
      "173": 0.677283950617284,
      "175": 0.677037037037037,
      "177": 0.677037037037037,
      "179": 0.677283950617284,
      "181": 0.6767901234567901,
      "183": 0.677283950617284,
      "185": 0.6771604938271605,
      "187": 0.677037037037037,
      "189": 0.6769135802469136,
      "191": 0.6769135802469136,
      "193": 0.677283950617284,
      "195": 0.6775308641975308,
      "197": 0.6771604938271605,
      "199": 0.677283950617284
    }
  }
}