{
  "dataset": "oxfordpets",
  "seed": 1,
  "shots": 16,
  "mapping": "blmp",
  "head_select": "test_kl",
  "prime_criterion": "kl",
  "norm": "imagenet",
  "epochs": 200,
  "lr": 0.01,
  "eval_every": 1,
  "n_train": 592,
  "n_test": 3669,
  "best_test_acc": 0.815481057508858,
  "best_epoch": 12,
  "final_test_acc": 0.7658762605614609,
  "curves": {
    "train_acc": [
      0.706081081081081,
      0.7381756756756757,
      0.7668918918918919,
      0.7736486486486487,
      0.7753378378378378,
      0.7736486486486487,
      0.7753378378378378,
      0.7888513513513513,
      0.785472972972973,
      0.8023648648648649,
      0.8175675675675675,
      0.8277027027027027,
      0.8125,
      0.8361486486486487,
      0.8277027027027027,
      0.8513513513513513,
      0.8277027027027027,
      0.8496621621621622,
      0.8462837837837838,
      0.8547297297297297,
      0.847972972972973,
      0.8462837837837838,
      0.8800675675675675,
      0.8733108108108109,
      0.8800675675675675,
      0.8800675675675675,
      0.8817567567567568,
      0.8733108108108109,
      0.8716216216216216,
      0.8817567567567568,
      0.8969594594594594,
      0.8902027027027027,
      0.9054054054054054,
      0.8952702702702703,
      0.902027027027027,
      0.9138513513513513,
      0.9037162162162162,
      0.9222972972972973,
      0.9087837837837838,
      0.9222972972972973,
      0.9054054054054054,
      0.9037162162162162,
      0.9138513513513513,
      0.9206081081081081,
      0.9121621621621622,
      0.9273648648648649,
      0.9442567567567568,
      0.9324324324324325,
      0.9307432432432432,
      0.918918918918919,
      0.9239864864864865,
      0.9307432432432432,
      0.9358108108108109,
      0.956081081081081,
      0.9510135135135135,
      0.9611486486486487,
      0.9425675675675675,
      0.9476351351351351,
      0.9476351351351351,
      0.9594594594594594,
      0.9679054054054054,
      0.964527027027027,
      0.9662162162162162,
      0.9780405405405406,
      0.9746621621621622,
      0.9847972972972973,
      0.9864864864864865,
      0.9864864864864865,
      0.9864864864864865,
      0.972972972972973,
      0.9797297297297297,
      0.981418918918919,
      0.9847972972972973,
      0.9797297297297297,
      0.9915540540540541,
      0.9932432432432432,
      1.0,
      1.0,
      1.0,
      1.0,
      0.9983108108108109,
      0.9949324324324325,
      0.9949324324324325,
      1.0,
      1.0,
      1.0,
      1.0,
      1.0,
      1.0,
      1.0,
      1.0,
      1.0,
      1.0,
      1.0,
      1.0,
      1.0,
      1.0,
      1.0,
      1.0,
      1.0,
      1.0,
      1.0,
      1.0,
      1.0,
      1.0,
      1.0,
      1.0,
      1.0,
      1.0,
      1.0,
      1.0,
      1.0,
      1.0,
      1.0,
      1.0,
      1.0,
      1.0,
      1.0,
      1.0,
      1.0,
      1.0,
      1.0,
      1.0,
      1.0,
      1.0,
      1.0,
      1.0,
      1.0,
      1.0,
      1.0,
      1.0,
      1.0,
      1.0,
      1.0,
      1.0,
      1.0,
      1.0,
      1.0,
      1.0,
      1.0,
      1.0,
      1.0,
      1.0,
      1.0,
      1.0,
      1.0,
      1.0,
      1.0,
      1.0,
      1.0,
      1.0,
      1.0,
      1.0,
      1.0,
      1.0,
      1.0,
      1.0,
      1.0,
      1.0,
      1.0,
      1.0,
      1.0,
      1.0,
      1.0,
      1.0,
      1.0,
      1.0,
      1.0,
      1.0,
      1.0,
      1.0,
      1.0,
      1.0,
      1.0,
      1.0,
      1.0,
      1.0,
      1.0,
      1.0,
      1.0,
      1.0,
      1.0,
      1.0,
      1.0,
      1.0,
      1.0,
      1.0,
      1.0,
      1.0,
      1.0,
      1.0,
      1.0,
      1.0,
      1.0,
      1.0,
      1.0,
      1.0,
      1.0,
      1.0,
      1.0
    ],
    "test_acc": {
      "0": 0.7462523848460071,
      "1": 0.7852275824475334,
      "2": 0.7966748432815481,
      "3": 0.8004905968928864,
      "4": 0.8023984736985554,
      "5": 0.7939493049877351,
      "6": 0.7988552739165985,
      "7": 0.7939493049877351,
      "8": 0.807304442627419,
      "9": 0.802943581357318,
      "10": 0.8083946579449441,
      "11": 0.8067593349686563,
      "12": 0.815481057508858,
      "13": 0.8062142273098937,
      "14": 0.8111201962387572,
      "15": 0.8083946579449441,
      "16": 0.8083946579449441,
      "17": 0.8045789043336059,
      "18": 0.8105750885799945,
      "19": 0.8051240119923685,
      "20": 0.806486781139275,
      "21": 0.8056691196511311,
      "22": 0.8059416734805124,
      "23": 0.8143908421913328,
      "24": 0.7969473971109294,
      "25": 0.7991278277459798,
      "26": 0.8034886890160807,
      "27": 0.8007631507222677,
      "28": 0.8053965658217498,
      "29": 0.7980376124284546,
      "30": 0.7999454892341238,
      "31": 0.8015808122104116,
      "32": 0.8026710275279367,
      "33": 0.7983101662578359,
      "34": 0.7996729354047425,
      "35": 0.8040337966748433,
      "36": 0.789315889888253,
      "37": 0.7936767511583538,
      "38": 0.7994003815753611,
      "39": 0.7879531207413464,
      "40": 0.7920414281820659,
      "41": 0.7953120741346416,
      "42": 0.7901335513763968,
      "43": 0.7961297356227856,
      "44": 0.7931316434995912,
      "45": 0.7964022894521668,
      "46": 0.788498228400109,
      "47": 0.7914963205233033,
      "48": 0.788498228400109,
      "49": 0.7890433360588717,
      "50": 0.7876805669119651,
      "51": 0.7890433360588717,
      "52": 0.7879531207413464,
      "53": 0.7803216135186699,
      "54": 0.776778413736713,
      "55": 0.7726901062959934,
      "56": 0.7931316434995912,
      "57": 0.7797765058599073,
      "58": 0.7841373671300081,
      "59": 0.7778686290542383,
      "60": 0.7887707822294904,
      "61": 0.7805941673480512,
      "62": 0.7765058599073317,
      "63": 0.7751430907604252,
      "64": 0.7762333060779504,
      "65": 0.7814118288361952,
      "66": 0.7748705369310439,
      "67": 0.7748705369310439,
      "68": 0.7770509675660943,
      "69": 0.7724175524666121,
      "70": 0.7770509675660943,
      "71": 0.7814118288361952,
      "72": 0.7811392750068138,
      "73": 0.7781411828836196,
      "74": 0.7745979831016626,
      "75": 0.7835922594712456,
      "76": 0.7639683837557918,
      "77": 0.7762333060779504,
      "78": 0.7710547833197057,
      "79": 0.7762333060779504,
      "80": 0.7805941673480512,
      "81": 0.7675115835377487,
      "82": 0.7808667211774325,
      "83": 0.7715998909784683,
      "84": 0.776778413736713,
      "85": 0.7735077677841373,
      "86": 0.7721449986372309,
      "87": 0.7683292450258926,
      "88": 0.7715998909784683,
      "89": 0.7735077677841373,
      "90": 0.7664213682202234,
      "91": 0.7748705369310439,
      "92": 0.7683292450258926,
      "93": 0.7694194603434178,
      "94": 0.7694194603434178,
      "95": 0.7691469065140365,
      "96": 0.7666939220496048,
      "97": 0.7669664758789861,
      "98": 0.7661488143908421,
      "99": 0.7718724448078496,
      "100": 0.7691469065140365,
      "101": 0.76778413736713,
      "102": 0.7666939220496048,
      "103": 0.7656037067320796,
      "104": 0.7647860452439357,
      "105": 0.7658762605614609,
      "106": 0.7653311529026983,
      "107": 0.7664213682202234,
      "108": 0.7647860452439357,
      "109": 0.7658762605614609,
      "110": 0.7675115835377487,
      "111": 0.7666939220496048,
      "112": 0.7653311529026983,
      "113": 0.7661488143908421,
      "114": 0.7656037067320796,
      "115": 0.7653311529026983,
      "116": 0.7645134914145544,
      "117": 0.7639683837557918,
      "118": 0.7645134914145544,
      "119": 0.7634232760970292,
      "120": 0.7645134914145544,
      "121": 0.765058599073317,
      "122": 0.7636958299264105,
      "123": 0.7645134914145544,
      "124": 0.765058599073317,
      "125": 0.7645134914145544,
      "126": 0.7642409375851731,
      "127": 0.7636958299264105,
      "128": 0.7639683837557918,
      "129": 0.7658762605614609,
      "130": 0.7642409375851731,
      "131": 0.7642409375851731,