{
  "dataset": "eurosat",
  "seed": 0,
  "shots": 16,
  "mapping": "blmp",
  "head_select": "test_kl",
  "prime_criterion": "l2_prob",
  "norm": "imagenet",
  "epochs": 200,
  "lr": 0.01,
  "eval_every": 2,
  "n_train": 160,
  "n_test": 8100,
  "best_test_acc": 0.6817283950617284,
  "best_epoch": 47,
  "final_test_acc": 0.678641975308642,
  "curves": {
    "train_acc": [
      0.46875,
      0.39375,
      0.4625,
      0.475,
      0.5375,
      0.55625,
      0.6625,
      0.7,
      0.65625,
      0.68125,
      0.71875,
      0.725,
      0.71875,
      0.73125,
      0.75,
      0.74375,
      0.73125,
      0.75625,
      0.7625,
      0.775,
      0.775,
      0.8,
      0.80625,
      0.80625,
      0.825,
      0.83125,
      0.825,
      0.83125,
      0.8625,
      0.86875,
      0.8875,
      0.89375,
      0.89375,
      0.89375,
      0.9,
      0.9,
      0.89375,
      0.9,
      0.9,
      0.9,
      0.9,
      0.9,
      0.9,
      0.9,
      0.9,
      0.9,
      0.9,
      0.9,
      0.9,
      0.9,
      0.9,
      0.9,
      0.9,
      0.9,
      0.9,
      0.9,
      0.9,
      0.9,
      0.9,
      0.9,
      0.9,
      0.9,
      0.9,
      0.9,
      0.9,
      0.9,
      0.9,
      0.9,
      0.9,
      0.9,
      0.9,
      0.9,
      0.9,
      0.9,
      0.9,
      0.9,
      0.9,
      0.9,
      0.9,
      0.9,
      0.9,
      0.9,
      0.9,
      0.9,
      0.9,
      0.9,
      0.9,
      0.9,
      0.9,
      0.9,
      0.9,
      0.9,
      0.9,
      0.9,
      0.9,
      0.9,
      0.9,
      0.9,
      0.9,
      0.9,
      0.9,
      0.9,
      0.9,
      0.9,
      0.9,
      0.9,
      0.9,
      0.9,
      0.9,
      0.9,
      0.9,
      0.9,
      0.9,
      0.9,
      0.9,
      0.9,
      0.9,
      0.9,
      0.9,
      0.9,
      0.9,
      0.9,
      0.9,
      0.9,
      0.9,
      0.9,
      0.9,
      0.9,
      0.9,
      0.9,
      0.9,
      0.9,
      0.9,
      0.9,
      0.9,
      0.9,
      0.9,
      0.9,
      0.9,
      0.9,
      0.9,
      0.9,
      0.9,
      0.9,
      0.9,
      0.9,
      0.9,
      0.9,
      0.9,
      0.9,
      0.9,
      0.9,
      0.9,
      0.9,
      0.9,
      0.9,
      0.9,
      0.9,
      0.9,
      0.9,
      0.9,
      0.9,
      0.9,
      0.9,
      0.9,
      0.9,
      0.9,
      0.9,
      0.9,
      0.9,
      0.9,
      0.9,
      0.9,
      0.9,
      0.9,
      0.9,
      0.9,
      0.9,
      0.9,
      0.9,
      0.9,
      0.9,
      0.9,
      0.9,
      0.9,
      0.9,
      0.9,
      0.9,
      0.9,
      0.9,
      0.9,
      0.9,
      0.9,
      0.9,
      0.9,
      0.9,
      0.9,
      0.9,
      0.9,
      0.9
    ],
    "test_acc": {
      "1": 0.43296296296296294,
      "3": 0.5016049382716049,
      "5": 0.5062962962962962,
      "7": 0.5754320987654321,
      "9": 0.5939506172839506,
      "11": 0.5980246913580247,
      "13": 0.6007407407407407,
      "15": 0.6119753086419754,
      "17": 0.6209876543209877,
      "19": 0.6302469135802469,
      "21": 0.6333333333333333,
      "23": 0.6370370370370371,
      "25": 0.641358024691358,
      "27": 0.6490123456790123,
      "29": 0.6539506172839507,
      "31": 0.6566666666666666,
      "33": 0.6585185185185185,
      "35": 0.6677777777777778,
      "37": 0.6680246913580247,
      "39": 0.6692592592592592,
      "41": 0.6724691358024691,
      "43": 0.6793827160493827,
      "45": 0.6769135802469136,
      "47": 0.6817283950617284,
      "49": 0.6774074074074075,
      "51": 0.6796296296296296,
      "53": 0.677037037037037,
      "55": 0.6745679012345679,
      "57": 0.6793827160493827,
      "59": 0.6776543209876543,
      "61": 0.6754320987654321,
      "63": 0.6762962962962963,
      "65": 0.6780246913580247,
      "67": 0.6796296296296296,
      "69": 0.6797530864197531,
      "71": 0.6797530864197531,
      "73": 0.6788888888888889,
      "75": 0.6775308641975308,
      "77": 0.6779012345679012,
      "79": 0.6785185185185185,
      "81": 0.6777777777777778,
      "83": 0.6771604938271605,
      "85": 0.6764197530864198,
      "87": 0.6761728395061728,
      "89": 0.6775308641975308,
      "91": 0.6766666666666666,
      "93": 0.6779012345679012,
      "95": 0.6780246913580247,
      "97": 0.6780246913580247,
      "99": 0.6790123456790124,
      "101": 0.6795061728395062,
      "103": 0.6791358024691359,
      "105": 0.6790123456790124,
      "107": 0.6785185185185185,
      "109": 0.678395061728395,
      "111": 0.678395061728395,
      "113": 0.678395061728395,
      "115": 0.678641975308642,
      "117": 0.678641975308642,
      "119": 0.6782716049382717,
      "121": 0.678641975308642,
      "123": 0.678395061728395,
      "125": 0.6785185185185185,
      "127": 0.6782716049382717,
      "129": 0.678641975308642,
      "131": 0.678641975308642,
      "133": 0.6787654320987654,
      "135": 0.678641975308642,
      "137": 0.678641975308642,
      "139": 0.678641975308642,
      "141": 0.678641975308642,
      "143": 0.6787654320987654,
      "145": 0.6785185185185185,
      "147": 0.678395061728395,
      "149": 0.678641975308642,
      "151": 0.6787654320987654,
      "153": 0.6790123456790124,
      "155": 0.678641975308642,
      "157": 0.678641975308642,
      "159": 0.6787654320987654,
      "161": 0.6790123456790124,
      "163": 0.6787654320987654,
      "165": 0.678641975308642,
      "167": 0.6787654320987654,
      "169": 0.678641975308642,
      "171": 0.6788888888888889,
      "173": 0.6791358024691359,
      "175": 0.678641975308642,
      "177": 0.6787654320987654,
      "179": 0.6785185185185185,
      "181": 0.678395061728395,
      "183": 0.678641975308642,
      "185": 0.6788888888888889,
      "187": 0.6787654320987654,
      "189": 0.6785185185185185,
      "191": 0.6787654320987654,
      "193": 0.6785185185185185,
      "195": 0.6787654320987654,
      "197": 0.6788888888888889,
      "199": 0.678641975308642
    }
  }
}