{
  "dataset": "dtd",
  "seed": 0,
  "shots": -1,
  "mapping": "blmp",
  "head_select": "test_kl",
  "prime_criterion": "kl",
  "norm": "imagenet",
  "epochs": 200,
  "lr": 0.01,
  "eval_every": 1,
  "n_train": 2820,
  "n_test": 1692,
  "best_test_acc": 0.5242316784869976,
  "best_epoch": 90,
  "final_test_acc": 0.5118203309692672,
  "curves": {
    "train_acc": [
      0.37943262411347517,
      0.3900709219858156,
      0.4205673758865248,
      0.43617021276595747,
      0.44964539007092197,
      0.4570921985815603,
      0.47801418439716314,
      0.47588652482269506,
      0.475177304964539,
      0.4666666666666667,
      0.4897163120567376,
      0.4968085106382979,
      0.49326241134751775,
      0.5095744680851064,
      0.5031914893617021,
      0.5156028368794326,
      0.5074468085106383,
      0.5145390070921986,
      0.5088652482269503,
      0.5195035460992907,
      0.5202127659574468,
      0.5287234042553192,
      0.5390070921985816,
      0.5329787234042553,
      0.5156028368794326,
      0.5468085106382978,
      0.526595744680851,
      0.5400709219858156,
      0.5446808510638298,
      0.5517730496453901,
      0.5556737588652483,
      0.5379432624113475,
      0.5638297872340425,
      0.5620567375886525,
      0.5670212765957446,
      0.5588652482269504,
      0.5691489361702128,
      0.5656028368794326,
      0.5726950354609929,
      0.5563829787234043,
      0.577304964539007,
      0.5705673758865248,
      0.5787234042553191,
      0.5634751773049645,
      0.573758865248227,
      0.5804964539007093,
      0.5684397163120567,
      0.5858156028368794,
      0.5904255319148937,
      0.574468085106383,
      0.6085106382978723,
      0.5872340425531914,
      0.5822695035460993,
      0.5932624113475178,
      0.5939716312056738,
      0.5957446808510638,
      0.6024822695035461,
      0.5893617021276596,
      0.5950354609929078,
      0.573049645390071,
      0.5932624113475178,
      0.6177304964539007,
      0.60177304964539,
      0.5975177304964538,
      0.6102836879432624,
      0.6265957446808511,
      0.6287234042553191,
      0.6173758865248227,
      0.6273049645390071,
      0.6468085106382979,
      0.624113475177305,
      0.6269503546099291,
      0.6202127659574468,
      0.6372340425531915,
      0.6301418439716312,
      0.6411347517730497,
      0.6287234042553191,
      0.6464539007092198,
      0.6475177304964539,
      0.6514184397163121,
      0.6560283687943262,
      0.6620567375886525,
      0.623758865248227,
      0.6517730496453901,
      0.6624113475177305,
      0.6687943262411348,
      0.675177304964539,
      0.672695035460993,
      0.6588652482269504,
      0.6578014184397163,
      0.6702127659574468,
      0.6776595744680851,
      0.6709219858156028,
      0.6921985815602837,
      0.6808510638297872,
      0.6904255319148936,
      0.6617021276595745,
      0.6680851063829787,
      0.6886524822695036,
      0.6886524822695036,
      0.7297872340425532,
      0.75177304964539,
      0.7556737588652482,
      0.7624113475177305,
      0.7602836879432624,
      0.7663120567375886,
      0.7687943262411348,
      0.7687943262411348,
      0.7709219858156028,
      0.7687943262411348,
      0.7691489361702127,
      0.7702127659574468,
      0.7726950354609929,
      0.7787234042553192,
      0.7787234042553192,
      0.7815602836879433,
      0.7840425531914894,
      0.7826241134751774,
      0.7858156028368795,
      0.7851063829787234,
      0.7847517730496454,
      0.7865248226950354,
      0.7843971631205674,
      0.7886524822695036,
      0.7865248226950354,
      0.7939716312056737,
      0.7918439716312057,
      0.7950354609929078,
      0.7953900709219858,
      0.799290780141844,
      0.7978723404255319,
      0.8,
      0.8028368794326242,
      0.799645390070922,
      0.8017730496453901,
      0.7975177304964539,
      0.8039007092198581,
      0.800709219858156,
      0.8031914893617021,
      0.8067375886524822,
      0.8028368794326242,
      0.8024822695035461,
      0.8078014184397163,
      0.8088652482269504,
      0.8127659574468085,
      0.8138297872340425,
      0.8134751773049645,
      0.8138297872340425,
      0.8124113475177305,
      0.8131205673758866,
      0.8141843971631205,
      0.8138297872340425,
      0.8156028368794326,
      0.8138297872340425,
      0.8138297872340425,
      0.8134751773049645,
      0.8127659574468085,
      0.8159574468085107,
      0.8152482269503546,
      0.8138297872340425,
      0.8141843971631205,
      0.8131205673758866,
      0.8141843971631205,
      0.8141843971631205,
      0.8156028368794326,
      0.8145390070921986,
      0.8134751773049645,
      0.8134751773049645,
      0.8148936170212766,
      0.8159574468085107,
      0.8141843971631205,
      0.8163120567375887,
      0.8159574468085107,
      0.8148936170212766,
      0.8145390070921986,
      0.8148936170212766,
      0.8170212765957446,
      0.8163120567375887,
      0.8148936170212766,
      0.8166666666666667,
      0.8159574468085107,
      0.8166666666666667,
      0.8152482269503546,
      0.8173758865248227,
      0.8177304964539007,
      0.8170212765957446,
      0.8177304964539007,
      0.8166666666666667,
      0.8170212765957446,
      0.8152482269503546,
      0.8170212765957446,
      0.8166666666666667,
      0.8173758865248227,
      0.8177304964539007,
      0.8170212765957446,
      0.8163120567375887,
      0.8173758865248227,
      0.8173758865248227,
      0.8173758865248227,
      0.8173758865248227
    ],
    "test_acc": {
      "0": 0.35638297872340424,
      "1": 0.3587470449172577,
      "2": 0.41134751773049644,
      "3": 0.408983451536643,
      "4": 0.40602836879432624,
      "5": 0.4219858156028369,
      "6": 0.4284869976359338,
      "7": 0.4438534278959811,
      "8": 0.40189125295508277,
      "9": 0.425531914893617,
      "10": 0.4462174940898345,
      "11": 0.4562647754137116,
      "12": 0.45508274231678486,
      "13": 0.4515366430260047,
      "14": 0.4604018912529551,
      "15": 0.45271867612293143,
      "16": 0.4509456264775414,
      "17": 0.45390070921985815,
      "18": 0.4592198581560284,
      "19": 0.4734042553191489,
      "20": 0.4627659574468085,
      "21": 0.4698581560283688,
      "22": 0.45508274231678486,
      "23": 0.46749408983451535,
      "24": 0.46926713947990545,
      "25": 0.44562647754137114,
      "26": 0.4645390070921986,
      "27": 0.4574468085106383,
      "28": 0.466903073286052,
      "29": 0.46217494089834515,
      "30": 0.4604018912529551,
      "31": 0.4804964539007092,
      "32": 0.46808510638297873,
      "33": 0.4716312056737589,
      "34": 0.4734042553191489,
      "35": 0.48817966903073284,
      "36": 0.475177304964539,
      "37": 0.4728132387706856,
      "38": 0.48226950354609927,
      "39": 0.4698581560283688,
      "40": 0.48167848699763594,
      "41": 0.4728132387706856,
      "42": 0.475177304964539,
      "43": 0.47635933806146574,
      "44": 0.49763593380614657,
      "45": 0.47576832151300236,
      "46": 0.4852245862884161,
      "47": 0.48817966903073284,
      "48": 0.466903073286052,
      "49": 0.483451536643026,
      "50": 0.48699763593380613,
      "51": 0.47576832151300236,
      "52": 0.47044917257683216,
      "53": 0.47754137115839246,
      "54": 0.4698581560283688,
      "55": 0.483451536643026,
      "56": 0.47635933806146574,
      "57": 0.4923167848699764,
      "58": 0.4645390070921986,
      "59": 0.4710401891252955,
      "60": 0.4923167848699764,
      "61": 0.4852245862884161,
      "62": 0.49527186761229314,
      "63": 0.4799054373522459,
      "64": 0.4846335697399527,
      "65": 0.48877068557919623,
      "66": 0.48936170212765956,
      "67": 0.49704491725768324,
      "68": 0.4846335697399527,
      "69": 0.4905437352245863,
      "70": 0.5,
      "71": 0.48936170212765956,
      "72": 0.4958628841607565,
      "73": 0.5035460992907801,
      "74": 0.49113475177304966,
      "75": 0.4905437352245863,