{
  "dataset": "gtsrb",
  "seed": 2,
  "shots": 16,
  "mapping": "blmp",
  "head_select": "test_kl",
  "prime_criterion": "kl",
  "norm": "imagenet",
  "epochs": 200,
  "lr": 0.01,
  "eval_every": 5,
  "n_train": 688,
  "n_test": 12630,
  "best_test_acc": 0.2114806017418844,
  "best_epoch": 99,
  "final_test_acc": 0.19770387965162312,
  "curves": {
    "train_acc": [
      0.13372093023255813,
      0.19040697674418605,
      0.22238372093023256,
      0.22674418604651161,
      0.20784883720930233,
      0.20494186046511628,
      0.22819767441860464,
      0.21511627906976744,
      0.23401162790697674,
      0.25872093023255816,
      0.24273255813953487,
      0.25290697674418605,
      0.2805232558139535,
      0.3066860465116279,
      0.30377906976744184,
      0.30959302325581395,
      0.3183139534883721,
      0.3081395348837209,
      0.30523255813953487,
      0.3226744186046512,
      0.3488372093023256,
      0.31976744186046513,
      0.3313953488372093,
      0.3561046511627907,
      0.36046511627906974,
      0.31976744186046513,
      0.35319767441860467,
      0.3706395348837209,
      0.36046511627906974,
      0.3808139534883721,
      0.39244186046511625,
      0.3866279069767442,
      0.40843023255813954,
      0.4113372093023256,
      0.3997093023255814,
      0.436046511627907,
      0.39098837209302323,
      0.4127906976744186,
      0.43023255813953487,
      0.4316860465116279,
      0.4258720930232558,
      0.4375,
      0.4433139534883721,
      0.4563953488372093,
      0.44476744186046513,
      0.42877906976744184,
      0.45494186046511625,
      0.45203488372093026,
      0.4694767441860465,
      0.48401162790697677,
      0.49127906976744184,
      0.46656976744186046,
      0.47819767441860467,
      0.49709302325581395,
      0.501453488372093,
      0.49273255813953487,
      0.498546511627907,
      0.498546511627907,
      0.5218023255813954,
      0.5145348837209303,
      0.5319767441860465,
      0.5494186046511628,
      0.5465116279069767,
      0.5479651162790697,
      0.5465116279069767,
      0.5465116279069767,
      0.5494186046511628,
      0.5450581395348837,
      0.5508720930232558,
      0.5421511627906976,
      0.5726744186046512,
      0.5581395348837209,
      0.565406976744186,
      0.5479651162790697,
      0.5537790697674418,
      0.5697674418604651,
      0.5348837209302325,
      0.5523255813953488,
      0.5755813953488372,
      0.5784883720930233,
      0.6075581395348837,
      0.5915697674418605,
      0.5930232558139535,
      0.6031976744186046,
      0.6206395348837209,
      0.5915697674418605,
      0.5944767441860465,
      0.5886627906976745,
      0.6177325581395349,
      0.6075581395348837,
      0.6409883720930233,
      0.6380813953488372,
      0.6511627906976745,
      0.6351744186046512,
      0.6337209302325582,
      0.6380813953488372,
      0.6351744186046512,
      0.6584302325581395,
      0.6482558139534884,
      0.6802325581395349,
      0.6540697674418605,
      0.6933139534883721,
      0.7267441860465116,
      0.7325581395348837,
      0.7441860465116279,
      0.75,
      0.7630813953488372,
      0.7630813953488372,
      0.7572674418604651,
      0.7805232558139535,
      0.7936046511627907,
      0.7906976744186046,
      0.7906976744186046,
      0.7965116279069767,
      0.8037790697674418,
      0.8008720930232558,
      0.7994186046511628,
      0.8125,
      0.8125,
      0.813953488372093,
      0.8125,
      0.815406976744186,
      0.811046511627907,
      0.8197674418604651,
      0.8241279069767442,
      0.8226744186046512,
      0.8299418604651163,
      0.8270348837209303,
      0.8284883720930233,
      0.8284883720930233,
      0.8270348837209303,
      0.8372093023255814,
      0.8415697674418605,
      0.8357558139534884,
      0.8473837209302325,
      0.8488372093023255,
      0.8415697674418605,
      0.8473837209302325,
      0.8430232558139535,
      0.8488372093023255,
      0.8531976744186046,
      0.8590116279069767,
      0.8619186046511628,
      0.8604651162790697,
      0.8590116279069767,
      0.8677325581395349,
      0.8662790697674418,
      0.8662790697674418,
      0.8677325581395349,
      0.8677325581395349,
      0.8691860465116279,
      0.8691860465116279,
      0.8691860465116279,
      0.8662790697674418,
      0.8662790697674418,
      0.8662790697674418,
      0.8691860465116279,
      0.8706395348837209,
      0.8691860465116279,
      0.8706395348837209,
      0.8691860465116279,
      0.8706395348837209,
      0.8706395348837209,
      0.8706395348837209,
      0.8706395348837209,
      0.8691860465116279,
      0.8691860465116279,
      0.8662790697674418,
      0.8677325581395349,
      0.8706395348837209,
      0.8691860465116279,
      0.8677325581395349,
      0.8691860465116279,
      0.8691860465116279,
      0.872093023255814,
      0.872093023255814,
      0.875,
      0.873546511627907,
      0.872093023255814,
      0.872093023255814,
      0.8706395348837209,
      0.873546511627907,
      0.872093023255814,
      0.873546511627907,
      0.875,
      0.873546511627907,
      0.875,
      0.875,
      0.875,
      0.875,
      0.873546511627907,
      0.875,
      0.875,
      0.875,
      0.875,
      0.875,
      0.877906976744186,
      0.876453488372093,
      0.875,
      0.873546511627907
    ],
    "test_acc": {
      "4": 0.1528899445764054,
      "9": 0.13903404592240698,
      "14": 0.13412509897070468,
      "19": 0.13087885985748218,
      "24": 0.1358669833729216,
      "29": 0.1660332541567696,
      "34": 0.16278701504354712,
      "39": 0.1667458432304038,
      "44": 0.17656373713380838,
      "49": 0.18883610451306412,
      "54": 0.1892319873317498,
      "59": 0.19184481393507521,
      "64": 0.17173396674584324,
      "69": 0.1880443388756928,
      "74": 0.1978622327790974,
      "79": 0.18796516231195567,
      "84": 0.1917656373713381,
      "89": 0.20213776722090263,
      "94": 0.1833729216152019,
      "99": 0.2114806017418844,
      "104": 0.20641330166270783,
      "109": 0.21092636579572446,
      "114": 0.2114806017418844,
      "119": 0.20855106888361044,
      "124": 0.20593824228028504,
      "129": 0.20554235946159938,
      "134": 0.20150435471100553,
      "139": 0.20015835312747426,
      "144": 0.20205859065716547,
      "149": 0.1984164687252573,
      "154": 0.19968329374505148,
      "159": 0.19960411718131432,
      "164": 0.19865399841646872,
      "169": 0.19960411718131432,
      "174": 0.19865399841646872,
      "179": 0.19944576405384007,
      "184": 0.19825811559778306,
      "189": 0.19802058590657165,
      "194": 0.19802058590657165,
      "199": 0.19770387965162312
    }
  }
}