{
  "dataset": "eurosat",
  "seed": 1,
  "shots": 16,
  "mapping": "blmp",
  "head_select": "test_kl",
  "prime_criterion": "kl",
  "norm": "imagenet",
  "epochs": 200,
  "lr": 0.01,
  "eval_every": 2,
  "n_train": 160,
  "n_test": 8100,
  "best_test_acc": 0.7120987654320987,
  "best_epoch": 95,
  "final_test_acc": 0.7102469135802469,
  "curves": {
    "train_acc": [
      0.46875,
      0.4375,
      0.5375,
      0.55,
      0.6125,
      0.625,
      0.66875,
      0.66875,
      0.7,
      0.70625,
      0.7,
      0.7125,
      0.75,
      0.75,
      0.75,
      0.7875,
      0.80625,
      0.80625,
      0.8,
      0.83125,
      0.83125,
      0.83125,
      0.85625,
      0.85625,
      0.85625,
      0.86875,
      0.8875,
      0.89375,
      0.89375,
      0.89375,
      0.89375,
      0.89375,
      0.9,
      0.9,
      0.9,
      0.9,
      0.9,
      0.9,
      0.9,
      0.9,
      0.9,
      0.9,
      0.9,
      0.9,
      0.9,
      0.9,
      0.9,
      0.9,
      0.9,
      0.9,
      0.9,
      0.9,
      0.9,
      0.9,
      0.9,
      0.9,
      0.9,
      0.9,
      0.9,
      0.9,
      0.9,
      0.9,
      0.9,
      0.9,
      0.9,
      0.9,
      0.9,
      0.9,
      0.9,
      0.9,
      0.9,
      0.9,
      0.9,
      0.9,
      0.9,
      0.9,
      0.9,
      0.9,
      0.9,
      0.9,
      0.9,
      0.9,
      0.9,
      0.9,
      0.9,
      0.9,
      0.9,
      0.9,
      0.9,
      0.9,
      0.9,
      0.9,
      0.9,
      0.9,
      0.9,
      0.9,
      0.9,
      0.9,
      0.9,
      0.9,
      0.9,
      0.9,
      0.9,
      0.9,
      0.9,
      0.9,
      0.9,
      0.9,
      0.9,
      0.9,
      0.9,
      0.9,
      0.9,
      0.9,
      0.9,
      0.9,
      0.9,
      0.9,
      0.9,
      0.9,
      0.9,
      0.9,
      0.9,
      0.9,
      0.9,
      0.9,
      0.9,
      0.9,
      0.9,
      0.9,
      0.9,
      0.9,
      0.9,
      0.9,
      0.9,
      0.9,
      0.9,
      0.9,
      0.9,
      0.9,
      0.9,
      0.9,
      0.9,
      0.9,
      0.9,
      0.9,
      0.9,
      0.9,
      0.9,
      0.9,
      0.9,
      0.9,
      0.9,
      0.9,
      0.9,
      0.9,
      0.9,
      0.9,
      0.9,
      0.9,
      0.9,
      0.9,
      0.9,
      0.9,
      0.9,
      0.9,
      0.9,
      0.9,
      0.9,
      0.9,
      0.9,
      0.9,
      0.9,
      0.9,
      0.9,
      0.9,
      0.9,
      0.9,
      0.9,
      0.9,
      0.9,
      0.9,
      0.9,
      0.9,
      0.9,
      0.9,
      0.9,
      0.9,
      0.9,
      0.9,
      0.9,
      0.9,
      0.9,
      0.9,
      0.9,
      0.9,
      0.9,
      0.9,
      0.9,
      0.9
    ],
    "test_acc": {
      "1": 0.39814814814814814,
      "3": 0.5107407407407407,
      "5": 0.5387654320987655,
      "7": 0.5666666666666667,
      "9": 0.5507407407407408,
      "11": 0.5979012345679012,
      "13": 0.5876543209876544,
      "15": 0.6125925925925926,
      "17": 0.6376543209876543,
      "19": 0.6377777777777778,
      "21": 0.6472839506172839,
      "23": 0.6582716049382716,
      "25": 0.6635802469135802,
      "27": 0.6780246913580247,
      "29": 0.6781481481481482,
      "31": 0.6835802469135802,
      "33": 0.6877777777777778,
      "35": 0.6925925925925925,
      "37": 0.6935802469135802,
      "39": 0.6920987654320988,
      "41": 0.6992592592592592,
      "43": 0.6962962962962963,
      "45": 0.7006172839506173,
      "47": 0.7006172839506173,
      "49": 0.6988888888888889,
      "51": 0.7030864197530864,
      "53": 0.7004938271604938,
      "55": 0.6995061728395062,
      "57": 0.7035802469135802,
      "59": 0.7030864197530864,
      "61": 0.7048148148148148,
      "63": 0.7038271604938272,
      "65": 0.7061728395061728,
      "67": 0.7081481481481482,
      "69": 0.7043209876543209,
      "71": 0.7058024691358025,
      "73": 0.7061728395061728,
      "75": 0.7097530864197531,
      "77": 0.7087654320987654,
      "79": 0.7097530864197531,
      "81": 0.7095061728395061,
      "83": 0.7086419753086419,
      "85": 0.7086419753086419,
      "87": 0.7104938271604938,
      "89": 0.7119753086419753,
      "91": 0.711358024691358,
      "93": 0.7117283950617284,
      "95": 0.7120987654320987,
      "97": 0.7104938271604938,
      "99": 0.7106172839506173,
      "101": 0.7112345679012345,
      "103": 0.711604938271605,
      "105": 0.7104938271604938,
      "107": 0.7108641975308642,
      "109": 0.7108641975308642,
      "111": 0.711358024691358,
      "113": 0.7112345679012345,
      "115": 0.7111111111111111,
      "117": 0.711358024691358,
      "119": 0.7109876543209876,
      "121": 0.7109876543209876,
      "123": 0.7108641975308642,
      "125": 0.7107407407407408,
      "127": 0.7114814814814815,
      "129": 0.7108641975308642,
      "131": 0.7111111111111111,
      "133": 0.7117283950617284,
      "135": 0.7109876543209876,
      "137": 0.7103703703703703,
      "139": 0.7103703703703703,
      "141": 0.7101234567901235,
      "143": 0.7104938271604938,
      "145": 0.7104938271604938,
      "147": 0.7104938271604938,
      "149": 0.7106172839506173,
      "151": 0.7108641975308642,
      "153": 0.7106172839506173,
      "155": 0.7107407407407408,
      "157": 0.7103703703703703,
      "159": 0.7103703703703703,
      "161": 0.7108641975308642,
      "163": 0.7107407407407408,
      "165": 0.7107407407407408,
      "167": 0.7104938271604938,
      "169": 0.7107407407407408,
      "171": 0.7103703703703703,
      "173": 0.7107407407407408,
      "175": 0.7108641975308642,
      "177": 0.7104938271604938,
      "179": 0.7107407407407408,
      "181": 0.7106172839506173,
      "183": 0.7107407407407408,
      "185": 0.7106172839506173,
      "187": 0.7107407407407408,
      "189": 0.7108641975308642,
      "191": 0.7108641975308642,
      "193": 0.7107407407407408,
      "195": 0.7108641975308642,
      "197": 0.7111111111111111,
      "199": 0.7102469135802469
    }
  }
}