{
  "dataset": "svhn",
  "seed": 2,
  "shots": 16,
  "mapping": "blmp",
  "head_select": "test_kl",
  "prime_criterion": "kl",
  "norm": "imagenet",
  "epochs": 200,
  "lr": 0.01,
  "eval_every": 5,
  "n_train": 160,
  "n_test": 26032,
  "best_test_acc": 0.23225261216963736,
  "best_epoch": 44,
  "final_test_acc": 0.19698832206515057,
  "curves": {
    "train_acc": [
      0.14375,
      0.1375,
      0.2,
      0.18125,
      0.11875,
      0.21875,
      0.26875,
      0.275,
      0.2125,
      0.3375,
      0.35625,
      0.36875,
      0.38125,
      0.3625,
      0.3,
      0.34375,
      0.425,
      0.34375,
      0.35,
      0.34375,
      0.40625,
      0.33125,
      0.375,
      0.45,
      0.3875,
      0.44375,
      0.44375,
      0.48125,
      0.525,
      0.525,
      0.45625,
      0.4625,
      0.5,
      0.425,
      0.5,
      0.475,
      0.55,
      0.55625,
      0.55625,
      0.58125,
      0.55625,
      0.54375,
      0.63125,
      0.53125,
      0.5875,
      0.65,
      0.68125,
      0.675,
      0.68125,
      0.73125,
      0.675,
      0.66875,
      0.61875,
      0.63125,
      0.625,
      0.7625,
      0.8,
      0.8,
      0.825,
      0.83125,
      0.84375,
      0.8375,
      0.825,
      0.8,
      0.875,
      0.825,
      0.85625,
      0.875,
      0.86875,
      0.89375,
      0.9125,
      0.8875,
      0.9,
      0.9,
      0.9,
      0.9,
      0.9,
      0.9,
      0.9125,
      0.9125,
      0.9125,
      0.94375,
      0.9,
      0.94375,
      0.91875,
      0.91875,
      0.94375,
      0.91875,
      0.96875,
      0.95625,
      0.95625,
      0.94375,
      0.98125,
      0.9875,
      0.9625,
      0.99375,
      0.9875,
      1.0,
      1.0,
      1.0,
      1.0,
      1.0,
      1.0,
      1.0,
      1.0,
      1.0,
      1.0,
      1.0,
      1.0,
      1.0,
      1.0,
      1.0,
      1.0,
      1.0,
      1.0,
      1.0,
      1.0,
      1.0,
      1.0,
      1.0,
      1.0,
      1.0,
      1.0,
      1.0,
      1.0,
      1.0,
      1.0,
      1.0,
      1.0,
      1.0,
      1.0,
      1.0,
      1.0,
      1.0,
      1.0,
      1.0,
      1.0,
      1.0,
      1.0,
      1.0,
      1.0,
      1.0,
      1.0,
      1.0,
      1.0,
      1.0,
      1.0,
      1.0,
      1.0,
      1.0,
      1.0,
      1.0,
      1.0,
      1.0,
      1.0,
      1.0,
      1.0,
      1.0,
      1.0,
      1.0,
      1.0,
      1.0,
      1.0,
      1.0,
      1.0,
      1.0,
      1.0,
      1.0,
      1.0,
      1.0,
      1.0,
      1.0,
      1.0,
      1.0,
      1.0,
      1.0,
      1.0,
      1.0,
      1.0,
      1.0,
      1.0,
      1.0,
      1.0,
      1.0,
      1.0,
      1.0,
      1.0,
      1.0,
      1.0,
      1.0,
      1.0,
      1.0,
      1.0,
      1.0,
      1.0,
      1.0,
      1.0,
      1.0,
      1.0,
      1.0
    ],
    "test_acc": {
      "4": 0.1427858020897357,
      "9": 0.1856177012907191,
      "14": 0.19514443761524278,
      "19": 0.1934542102028273,
      "24": 0.2225722188076214,
      "29": 0.185079901659496,
      "34": 0.15907344806392132,
      "39": 0.2125460971112477,
      "44": 0.23225261216963736,
      "49": 0.20497848801475108,
      "54": 0.20144437615242777,
      "59": 0.21350645359557469,
      "64": 0.1800860479409957,
      "69": 0.19314689612784267,
      "74": 0.2012523048555624,
      "79": 0.1919560540872772,
      "84": 0.1702519975414874,
      "89": 0.1895359557467732,
      "94": 0.19887062077443146,
      "99": 0.19887062077443146,
      "104": 0.20079133374308544,
      "109": 0.1979102642901045,
      "114": 0.19656576521204672,
      "119": 0.19852489244007376,
      "124": 0.19783343577135834,
      "129": 0.1971419791026429,
      "134": 0.1987937922556853,
      "139": 0.1971419791026429,
      "144": 0.196220036877689,
      "149": 0.19691149354640441,
      "154": 0.19671942224953903,
      "159": 0.19691149354640441,
      "164": 0.19737246465888136,
      "169": 0.19725722188076214,
      "174": 0.1971419791026429,
      "179": 0.19702673632452367,
      "184": 0.19668100799016594,
      "189": 0.19702673632452367,
      "194": 0.1969499078057775,
      "199": 0.19698832206515057
    }
  }
}