{
  "dataset": "dtd",
  "seed": 2,
  "shots": 16,
  "mapping": "blmp",
  "head_select": "test_kl",
  "prime_criterion": "kl",
  "norm": "imagenet",
  "epochs": 200,
  "lr": 0.01,
  "eval_every": 1,
  "n_train": 752,
  "n_test": 1692,
  "best_test_acc": 0.4462174940898345,
  "best_epoch": 31,
  "final_test_acc": 0.40484633569739953,
  "curves": {
    "train_acc": [
      0.40691489361702127,
      0.4162234042553192,
      0.44148936170212766,
      0.47074468085106386,
      0.48271276595744683,
      0.5,
      0.4946808510638298,
      0.5199468085106383,
      0.5159574468085106,
      0.526595744680851,
      0.5425531914893617,
      0.5518617021276596,
      0.5558510638297872,
      0.550531914893617,
      0.550531914893617,
      0.5811170212765957,
      0.5851063829787234,
      0.5930851063829787,
      0.5837765957446809,
      0.5824468085106383,
      0.5970744680851063,
      0.6276595744680851,
      0.6143617021276596,
      0.6236702127659575,
      0.6329787234042553,
      0.6196808510638298,
      0.6396276595744681,
      0.6422872340425532,
      0.6409574468085106,
      0.6462765957446809,
      0.6648936170212766,
      0.6662234042553191,
      0.6781914893617021,
      0.6875,
      0.6715425531914894,
      0.6875,
      0.7167553191489362,
      0.6968085106382979,
      0.7034574468085106,
      0.7021276595744681,
      0.7034574468085106,
      0.7194148936170213,
      0.714095744680851,
      0.7313829787234043,
      0.738031914893617,
      0.7406914893617021,
      0.7247340425531915,
      0.7513297872340425,
      0.7473404255319149,
      0.7446808510638298,
      0.7593085106382979,
      0.7553191489361702,
      0.7646276595744681,
      0.7726063829787234,
      0.776595744680851,
      0.7686170212765957,
      0.7912234042553191,
      0.788563829787234,
      0.7805851063829787,
      0.7779255319148937,
      0.8071808510638298,
      0.8085106382978723,
      0.7898936170212766,
      0.8018617021276596,
      0.8231382978723404,
      0.8151595744680851,
      0.8204787234042553,
      0.824468085106383,
      0.8324468085106383,
      0.8377659574468085,
      0.8191489361702128,
      0.851063829787234,
      0.8497340425531915,
      0.8563829787234043,
      0.8643617021276596,
      0.8603723404255319,
      0.863031914893617,
      0.8843085106382979,
      0.875,
      0.8710106382978723,
      0.8856382978723404,
      0.8856382978723404,
      0.8896276595744681,
      0.8909574468085106,
      0.8909574468085106,
      0.8922872340425532,
      0.8976063829787234,
      0.8922872340425532,
      0.8922872340425532,
      0.9122340425531915,
      0.9215425531914894,
      0.9082446808510638,
      0.9268617021276596,
      0.9042553191489362,
      0.9082446808510638,
      0.9122340425531915,
      0.9321808510638298,
      0.9202127659574468,
      0.9095744680851063,
      0.9188829787234043,
      0.9375,
      0.9454787234042553,
      0.949468085106383,
      0.9521276595744681,
      0.9534574468085106,
      0.9521276595744681,
      0.9534574468085106,
      0.9534574468085106,
      0.9534574468085106,
      0.9521276595744681,
      0.9534574468085106,
      0.9521276595744681,
      0.9521276595744681,
      0.9521276595744681,
      0.9521276595744681,
      0.9521276595744681,
      0.9521276595744681,
      0.9521276595744681,
      0.9521276595744681,
      0.9521276595744681,
      0.9534574468085106,
      0.9534574468085106,
      0.9521276595744681,
      0.9534574468085106,
      0.9507978723404256,
      0.9521276595744681,
      0.9534574468085106,
      0.9521276595744681,
      0.9534574468085106,
      0.9534574468085106,
      0.9521276595744681,
      0.9534574468085106,
      0.9534574468085106,
      0.9547872340425532,
      0.9561170212765957,
      0.9534574468085106,
      0.9547872340425532,
      0.9547872340425532,
      0.9534574468085106,
      0.9534574468085106,
      0.9534574468085106,
      0.9507978723404256,
      0.9547872340425532,
      0.9534574468085106,
      0.9534574468085106,
      0.9534574468085106,
      0.9534574468085106,
      0.9534574468085106,
      0.9534574468085106,
      0.9534574468085106,
      0.9534574468085106,
      0.9534574468085106,
      0.9534574468085106,
      0.9534574468085106,
      0.9534574468085106,
      0.9534574468085106,
      0.9534574468085106,
      0.9534574468085106,
      0.9534574468085106,
      0.9534574468085106,
      0.9534574468085106,
      0.9534574468085106,
      0.9534574468085106,
      0.9534574468085106,
      0.9534574468085106,
      0.9534574468085106,
      0.9534574468085106,
      0.9547872340425532,
      0.9534574468085106,
      0.9534574468085106,
      0.9547872340425532,
      0.9561170212765957,
      0.9534574468085106,
      0.9561170212765957,
      0.9561170212765957,
      0.9547872340425532,
      0.9547872340425532,
      0.9561170212765957,
      0.9561170212765957,
      0.9547872340425532,
      0.9547872340425532,
      0.9561170212765957,
      0.9561170212765957,
      0.9547872340425532,
      0.9561170212765957,
      0.9561170212765957,
      0.9561170212765957,
      0.9561170212765957,
      0.9574468085106383,
      0.9574468085106383,
      0.9574468085106383,
      0.9561170212765957,
      0.9574468085106383,
      0.9574468085106383,
      0.9574468085106383,
      0.9574468085106383,
      0.9574468085106383,
      0.9574468085106383,
      0.9574468085106383,
      0.9574468085106383
    ],
    "test_acc": {
      "0": 0.3516548463356974,
      "1": 0.3622931442080378,
      "2": 0.37943262411347517,
      "3": 0.3735224586288416,
      "4": 0.39066193853427894,
      "5": 0.4036643026004728,
      "6": 0.4101654846335697,
      "7": 0.40070921985815605,
      "8": 0.39184397163120566,
      "9": 0.40425531914893614,
      "10": 0.4160756501182033,
      "11": 0.4148936170212766,
      "12": 0.4024822695035461,
      "13": 0.41962174940898345,
      "14": 0.42612293144208035,
      "15": 0.4231678486997636,
      "16": 0.41843971631205673,
      "17": 0.42789598108747046,
      "18": 0.425531914893617,
      "19": 0.425531914893617,
      "20": 0.41548463356973997,
      "21": 0.4190307328605201,
      "22": 0.4166666666666667,
      "23": 0.4314420803782506,
      "24": 0.4190307328605201,
      "25": 0.43321513002364065,
      "26": 0.4284869976359338,
      "27": 0.41962174940898345,
      "28": 0.41843971631205673,
      "29": 0.4355791962174941,
      "30": 0.43380614657210403,
      "31": 0.4462174940898345,
      "32": 0.43498817966903075,
      "33": 0.425531914893617,
      "34": 0.41843971631205673,
      "35": 0.4296690307328605,
      "36": 0.41962174940898345,
      "37": 0.4302600472813239,
      "38": 0.41725768321513,
      "39": 0.41843971631205673,
      "40": 0.4326241134751773,
      "41": 0.408983451536643,
      "42": 0.44089834515366433,
      "43": 0.43617021276595747,
      "44": 0.4379432624113475,
      "45": 0.4219858156028369,
      "46": 0.43203309692671393,
      "47": 0.4308510638297872,
      "48": 0.43380614657210403,
      "49": 0.42257683215130026,
      "50": 0.4308510638297872,
      "51": 0.4166666666666667,
      "52": 0.4296690307328605,
      "53": 0.43617021276595747,
      "54": 0.42021276595744683,
      "55": 0.43203309692671393,
      "56": 0.43380614657210403,
      "57": 0.41843971631205673,
      "58": 0.42907801418439717,
      "59": 0.43380614657210403,
      "60": 0.43617021276595747,
      "61": 0.4095744680851064,
      "62": 0.42612293144208035,
      "63": 0.41843971631205673,
      "64": 0.42789598108747046,
      "65": 0.42671394799054374,
      "66": 0.41725768321513,
      "67": 0.41962174940898345,
      "68": 0.4148936170212766,
      "69": 0.4166666666666667,
      "70": 0.4243498817966903,
      "71": 0.42139479905437355,
      "72": 0.42021276595744683,
      "73": 0.4314420803782506,
      "74": 0.42080378250591016,
      "75": 0.41548463356973997,