{
  "dataset": "eurosat",
  "seed": 2,
  "shots": 16,
  "mapping": "blmp",
  "head_select": "test_kl",
  "prime_criterion": "kl",
  "norm": "imagenet",
  "epochs": 200,
  "lr": 0.01,
  "eval_every": 2,
  "n_train": 160,
  "n_test": 8100,
  "best_test_acc": 0.7732098765432098,
  "best_epoch": 191,
  "final_test_acc": 0.7732098765432098,
  "curves": {
    "train_acc": [
      0.475,
      0.33125,
      0.45625,
      0.475,
      0.50625,
      0.5375,
      0.51875,
      0.54375,
      0.6125,
      0.58125,
      0.56875,
      0.5625,
      0.59375,
      0.5875,
      0.575,
      0.61875,
      0.6875,
      0.70625,
      0.7125,
      0.73125,
      0.78125,
      0.76875,
      0.725,
      0.80625,
      0.73125,
      0.75625,
      0.83125,
      0.83125,
      0.83125,
      0.84375,
      0.84375,
      0.8625,
      0.85625,
      0.89375,
      0.8875,
      0.9,
      0.89375,
      0.9,
      0.89375,
      0.9125,
      0.925,
      0.925,
      0.9375,
      0.95,
      0.98125,
      0.99375,
      1.0,
      1.0,
      1.0,
      1.0,
      1.0,
      1.0,
      1.0,
      1.0,
      1.0,
      1.0,
      1.0,
      1.0,
      1.0,
      1.0,
      1.0,
      1.0,
      1.0,
      1.0,
      1.0,
      1.0,
      1.0,
      1.0,
      1.0,
      1.0,
      1.0,
      1.0,
      1.0,
      1.0,
      1.0,
      1.0,
      1.0,
      1.0,
      1.0,
      1.0,
      1.0,
      1.0,
      1.0,
      1.0,
      1.0,
      1.0,
      1.0,
      1.0,
      1.0,
      1.0,
      1.0,
      1.0,
      1.0,
      1.0,
      1.0,
      1.0,
      1.0,
      1.0,
      1.0,
      1.0,
      1.0,
      1.0,
      1.0,
      1.0,
      1.0,
      1.0,
      1.0,
      1.0,
      1.0,
      1.0,
      1.0,
      1.0,
      1.0,
      1.0,
      1.0,
      1.0,
      1.0,
      1.0,
      1.0,
      1.0,
      1.0,
      1.0,
      1.0,
      1.0,
      1.0,
      1.0,
      1.0,
      1.0,
      1.0,
      1.0,
      1.0,
      1.0,
      1.0,
      1.0,
      1.0,
      1.0,
      1.0,
      1.0,
      1.0,
      1.0,
      1.0,
      1.0,
      1.0,
      1.0,
      1.0,
      1.0,
      1.0,
      1.0,
      1.0,
      1.0,
      1.0,
      1.0,
      1.0,
      1.0,
      1.0,
      1.0,
      1.0,
      1.0,
      1.0,
      1.0,
      1.0,
      1.0,
      1.0,
      1.0,
      1.0,
      1.0,
      1.0,
      1.0,
      1.0,
      1.0,
      1.0,
      1.0,
      1.0,
      1.0,
      1.0,
      1.0,
      1.0,
      1.0,
      1.0,
      1.0,
      1.0,
      1.0,
      1.0,
      1.0,
      1.0,
      1.0,
      1.0,
      1.0,
      1.0,
      1.0,
      1.0,
      1.0,
      1.0,
      1.0,
      1.0,
      1.0,
      1.0,
      1.0,
      1.0,
      1.0
    ],
    "test_acc": {
      "1": 0.33827160493827163,
      "3": 0.4695061728395062,
      "5": 0.4491358024691358,
      "7": 0.511358024691358,
      "9": 0.4917283950617284,
      "11": 0.5455555555555556,
      "13": 0.5119753086419753,
      "15": 0.5381481481481482,
      "17": 0.6087654320987654,
      "19": 0.6250617283950617,
      "21": 0.6069135802469136,
      "23": 0.6453086419753087,
      "25": 0.6251851851851852,
      "27": 0.6723456790123457,
      "29": 0.6679012345679012,
      "31": 0.6922222222222222,
      "33": 0.674074074074074,
      "35": 0.7109876543209876,
      "37": 0.6995061728395062,
      "39": 0.7246913580246913,
      "41": 0.7266666666666667,
      "43": 0.7317283950617284,
      "45": 0.7417283950617284,
      "47": 0.7444444444444445,
      "49": 0.7522222222222222,
      "51": 0.7577777777777778,
      "53": 0.7558024691358025,
      "55": 0.7580246913580246,
      "57": 0.7595061728395062,
      "59": 0.7602469135802469,
      "61": 0.7623456790123457,
      "63": 0.7634567901234568,
      "65": 0.7634567901234568,
      "67": 0.7630864197530864,
      "69": 0.7664197530864197,
      "71": 0.7662962962962963,
      "73": 0.7677777777777778,
      "75": 0.7674074074074074,
      "77": 0.7661728395061729,
      "79": 0.7681481481481481,
      "81": 0.7688888888888888,
      "83": 0.7671604938271605,
      "85": 0.7681481481481481,
      "87": 0.7693827160493827,
      "89": 0.77,
      "91": 0.7695061728395062,
      "93": 0.7703703703703704,
      "95": 0.7703703703703704,
      "97": 0.7711111111111111,
      "99": 0.7716049382716049,
      "101": 0.7714814814814814,
      "103": 0.7711111111111111,
      "105": 0.7709876543209877,
      "107": 0.7711111111111111,
      "109": 0.7704938271604939,
      "111": 0.7716049382716049,
      "113": 0.7716049382716049,
      "115": 0.7714814814814814,
      "117": 0.7713580246913581,
      "119": 0.7718518518518519,
      "121": 0.7717283950617284,
      "123": 0.7709876543209877,
      "125": 0.7714814814814814,
      "127": 0.7713580246913581,
      "129": 0.7717283950617284,
      "131": 0.7720987654320988,
      "133": 0.7719753086419753,
      "135": 0.7720987654320988,
      "137": 0.7716049382716049,
      "139": 0.7720987654320988,
      "141": 0.7720987654320988,
      "143": 0.7723456790123456,
      "145": 0.772962962962963,
      "147": 0.7722222222222223,
      "149": 0.7723456790123456,
      "151": 0.7723456790123456,
      "153": 0.7723456790123456,
      "155": 0.772962962962963,
      "157": 0.7724691358024691,
      "159": 0.7717283950617284,
      "161": 0.7722222222222223,
      "163": 0.7727160493827161,
      "165": 0.7725925925925926,
      "167": 0.7722222222222223,
      "169": 0.7722222222222223,
      "171": 0.7718518518518519,
      "173": 0.7723456790123456,
      "175": 0.7720987654320988,
      "177": 0.7723456790123456,
      "179": 0.7725925925925926,
      "181": 0.7722222222222223,
      "183": 0.7727160493827161,
      "185": 0.7727160493827161,
      "187": 0.7724691358024691,
      "189": 0.7727160493827161,
      "191": 0.7732098765432098,
      "193": 0.7723456790123456,
      "195": 0.7728395061728395,
      "197": 0.7720987654320988,
      "199": 0.7732098765432098
    }
  }
}