{
  "dataset": "eurosat",
  "seed": 0,
  "shots": 16,
  "mapping": "blmp",
  "head_select": "test_kl",
  "prime_criterion": "kl",
  "norm": "clip",
  "epochs": 200,
  "lr": 0.01,
  "eval_every": 2,
  "n_train": 160,
  "n_test": 8100,
  "best_test_acc": 0.7090123456790124,
  "best_epoch": 67,
  "final_test_acc": 0.7065432098765432,
  "curves": {
    "train_acc": [
      0.4375,
      0.40625,
      0.54375,
      0.6375,
      0.54375,
      0.56875,
      0.6125,
      0.6125,
      0.65625,
      0.6875,
      0.7125,
      0.7125,
      0.725,
      0.75,
      0.73125,
      0.75625,
      0.71875,
      0.76875,
      0.76875,
      0.7625,
      0.76875,
      0.7625,
      0.7875,
      0.80625,
      0.825,
      0.83125,
      0.81875,
      0.85625,
      0.8375,
      0.85,
      0.85,
      0.86875,
      0.88125,
      0.875,
      0.8875,
      0.9,
      0.8875,
      0.9,
      0.89375,
      0.89375,
      0.9,
      0.9,
      0.9,
      0.9,
      0.9,
      0.9,
      0.9,
      0.9,
      0.9,
      0.9,
      0.9,
      0.9,
      0.9,
      0.9,
      0.9,
      0.9,
      0.9,
      0.9,
      0.9,
      0.9,
      0.9,
      0.9,
      0.9,
      0.9,
      0.9,
      0.9,
      0.9,
      0.9,
      0.9,
      0.9,
      0.9,
      0.9,
      0.9,
      0.9,
      0.9,
      0.9,
      0.9,
      0.9,
      0.9,
      0.9,
      0.9,
      0.9,
      0.9,
      0.9,
      0.9,
      0.9,
      0.9,
      0.9,
      0.9,
      0.9,
      0.9,
      0.9,
      0.9,
      0.9,
      0.9,
      0.9,
      0.9,
      0.9,
      0.9,
      0.9,
      0.9,
      0.9,
      0.9,
      0.9,
      0.9,
      0.9,
      0.9,
      0.9,
      0.9,
      0.9,
      0.9,
      0.9,
      0.9,
      0.9,
      0.9,
      0.9,
      0.9,
      0.9,
      0.9,
      0.9,
      0.9,
      0.9,
      0.9,
      0.9,
      0.9,
      0.9,
      0.9,
      0.9,
      0.9,
      0.9,
      0.9,
      0.9,
      0.9,
      0.9,
      0.9,
      0.9,
      0.9,
      0.9,
      0.9,
      0.9,
      0.9,
      0.9,
      0.9,
      0.9,
      0.9,
      0.9,
      0.9,
      0.9,
      0.9,
      0.9,
      0.9,
      0.9,
      0.9,
      0.9,
      0.9,
      0.9,
      0.9,
      0.9,
      0.9,
      0.9,
      0.9,
      0.9,
      0.9,
      0.9,
      0.9,
      0.9,
      0.9,
      0.9,
      0.9,
      0.9,
      0.9,
      0.9,
      0.9,
      0.9,
      0.9,
      0.9,
      0.9,
      0.9,
      0.9,
      0.9,
      0.9,
      0.9,
      0.9,
      0.9,
      0.9,
      0.9,
      0.9,
      0.9,
      0.9,
      0.9,
      0.9,
      0.9,
      0.9,
      0.9,
      0.9,
      0.9,
      0.9,
      0.9,
      0.9,
      0.9
    ],
    "test_acc": {
      "1": 0.4380246913580247,
      "3": 0.5469135802469136,
      "5": 0.5253086419753087,
      "7": 0.6158024691358025,
      "9": 0.6258024691358025,
      "11": 0.6148148148148148,
      "13": 0.6341975308641975,
      "15": 0.6307407407407407,
      "17": 0.6392592592592593,
      "19": 0.6460493827160494,
      "21": 0.648641975308642,
      "23": 0.6430864197530864,
      "25": 0.642962962962963,
      "27": 0.6393827160493827,
      "29": 0.6577777777777778,
      "31": 0.6514814814814814,
      "33": 0.6561728395061729,
      "35": 0.6516049382716049,
      "37": 0.6506172839506172,
      "39": 0.6711111111111111,
      "41": 0.688641975308642,
      "43": 0.6724691358024691,
      "45": 0.6922222222222222,
      "47": 0.6981481481481482,
      "49": 0.6941975308641976,
      "51": 0.7006172839506173,
      "53": 0.6991358024691358,
      "55": 0.6985185185185185,
      "57": 0.7050617283950618,
      "59": 0.707283950617284,
      "61": 0.7082716049382716,
      "63": 0.707037037037037,
      "65": 0.7075308641975309,
      "67": 0.7090123456790124,
      "69": 0.7087654320987654,
      "71": 0.7079012345679012,
      "73": 0.7069135802469135,
      "75": 0.7067901234567902,
      "77": 0.7075308641975309,
      "79": 0.7046913580246914,
      "81": 0.7067901234567902,
      "83": 0.7067901234567902,
      "85": 0.7061728395061728,
      "87": 0.7058024691358025,
      "89": 0.7050617283950618,
      "91": 0.7061728395061728,
      "93": 0.7064197530864198,
      "95": 0.705925925925926,
      "97": 0.7066666666666667,
      "99": 0.7060493827160493,
      "101": 0.7062962962962963,
      "103": 0.7067901234567902,
      "105": 0.7062962962962963,
      "107": 0.7062962962962963,
      "109": 0.7064197530864198,
      "111": 0.7065432098765432,
      "113": 0.7061728395061728,
      "115": 0.7062962962962963,
      "117": 0.7060493827160493,
      "119": 0.7061728395061728,
      "121": 0.7062962962962963,
      "123": 0.7067901234567902,
      "125": 0.707037037037037,
      "127": 0.7066666666666667,
      "129": 0.7064197530864198,
      "131": 0.7066666666666667,
      "133": 0.7066666666666667,
      "135": 0.7067901234567902,
      "137": 0.7067901234567902,
      "139": 0.7069135802469135,
      "141": 0.7062962962962963,
      "143": 0.7065432098765432,
      "145": 0.7066666666666667,
      "147": 0.7062962962962963,
      "149": 0.7065432098765432,
      "151": 0.7064197530864198,
      "153": 0.7067901234567902,
      "155": 0.7069135802469135,
      "157": 0.7066666666666667,
      "159": 0.7062962962962963,
      "161": 0.7066666666666667,
      "163": 0.7062962962962963,
      "165": 0.7062962962962963,
      "167": 0.7062962962962963,
      "169": 0.7065432098765432,
      "171": 0.7066666666666667,
      "173": 0.7067901234567902,
      "175": 0.7064197530864198,
      "177": 0.7066666666666667,
      "179": 0.7067901234567902,
      "181": 0.7062962962962963,
      "183": 0.7065432098765432,
      "185": 0.7066666666666667,
      "187": 0.7069135802469135,
      "189": 0.7066666666666667,
      "191": 0.7067901234567902,
      "193": 0.7069135802469135,
      "195": 0.7066666666666667,
      "197": 0.7066666666666667,
      "199": 0.7065432098765432
    }
  }
}