{
  "dataset": "eurosat",
  "seed": 0,
  "shots": 16,
  "mapping": "blmp",
  "head_select": "train_kl",
  "prime_criterion": "kl",
  "norm": "imagenet",
  "epochs": 200,
  "lr": 0.01,
  "eval_every": 2,
  "n_train": 160,
  "n_test": 8100,
  "best_test_acc": 0.8060493827160494,
  "best_epoch": 67,
  "final_test_acc": 0.8035802469135802,
  "curves": {
    "train_acc": [
      0.40625,
      0.425,
      0.55625,
      0.4875,
      0.5375,
      0.50625,
      0.5125,
      0.56875,
      0.61875,
      0.63125,
      0.69375,
      0.65625,
      0.61875,
      0.7375,
      0.78125,
      0.8125,
      0.78125,
      0.80625,
      0.74375,
      0.84375,
      0.83125,
      0.8125,
      0.825,
      0.85625,
      0.8625,
      0.85,
      0.86875,
      0.8875,
      0.88125,
      0.8875,
      0.9,
      0.8875,
      0.90625,
      0.90625,
      0.95,
      0.91875,
      0.96875,
      0.98125,
      0.9625,
      0.98125,
      0.98125,
      0.98125,
      0.99375,
      0.9875,
      0.99375,
      0.99375,
      0.99375,
      0.99375,
      0.99375,
      1.0,
      0.99375,
      1.0,
      1.0,
      1.0,
      1.0,
      1.0,
      1.0,
      1.0,
      1.0,
      1.0,
      1.0,
      1.0,
      1.0,
      1.0,
      1.0,
      1.0,
      1.0,
      1.0,
      1.0,
      1.0,
      1.0,
      1.0,
      1.0,
      1.0,
      1.0,
      1.0,
      1.0,
      1.0,
      1.0,
      1.0,
      1.0,
      1.0,
      1.0,
      1.0,
      1.0,
      1.0,
      1.0,
      1.0,
      1.0,
      1.0,
      1.0,
      1.0,
      1.0,
      1.0,
      1.0,
      1.0,
      1.0,
      1.0,
      1.0,
      1.0,
      1.0,
      1.0,
      1.0,
      1.0,
      1.0,
      1.0,
      1.0,
      1.0,
      1.0,
      1.0,
      1.0,
      1.0,
      1.0,
      1.0,
      1.0,
      1.0,
      1.0,
      1.0,
      1.0,
      1.0,
      1.0,
      1.0,
      1.0,
      1.0,
      1.0,
      1.0,
      1.0,
      1.0,
      1.0,
      1.0,
      1.0,
      1.0,
      1.0,
      1.0,
      1.0,
      1.0,
      1.0,
      1.0,
      1.0,
      1.0,
      1.0,
      1.0,
      1.0,
      1.0,
      1.0,
      1.0,
      1.0,
      1.0,
      1.0,
      1.0,
      1.0,
      1.0,
      1.0,
      1.0,
      1.0,
      1.0,
      1.0,
      1.0,
      1.0,
      1.0,
      1.0,
      1.0,
      1.0,
      1.0,
      1.0,
      1.0,
      1.0,
      1.0,
      1.0,
      1.0,
      1.0,
      1.0,
      1.0,
      1.0,
      1.0,
      1.0,
      1.0,
      1.0,
      1.0,
      1.0,
      1.0,
      1.0,
      1.0,
      1.0,
      1.0,
      1.0,
      1.0,
      1.0,
      1.0,
      1.0,
      1.0,
      1.0,
      1.0,
      1.0,
      1.0,
      1.0,
      1.0,
      1.0,
      1.0,
      1.0
    ],
    "test_acc": {
      "1": 0.46370370370370373,
      "3": 0.4741975308641975,
      "5": 0.4693827160493827,
      "7": 0.561604938271605,
      "9": 0.5535802469135802,
      "11": 0.5953086419753086,
      "13": 0.6591358024691358,
      "15": 0.7071604938271605,
      "17": 0.6832098765432099,
      "19": 0.6845679012345679,
      "21": 0.701604938271605,
      "23": 0.7104938271604938,
      "25": 0.7179012345679012,
      "27": 0.727037037037037,
      "29": 0.7260493827160494,
      "31": 0.737037037037037,
      "33": 0.7514814814814815,
      "35": 0.7601234567901235,
      "37": 0.7403703703703703,
      "39": 0.755679012345679,
      "41": 0.7780246913580247,
      "43": 0.7702469135802469,
      "45": 0.7841975308641975,
      "47": 0.788641975308642,
      "49": 0.7882716049382716,
      "51": 0.7941975308641975,
      "53": 0.7982716049382717,
      "55": 0.7966666666666666,
      "57": 0.8006172839506173,
      "59": 0.801604938271605,
      "61": 0.8055555555555556,
      "63": 0.8020987654320988,
      "65": 0.8039506172839506,
      "67": 0.8060493827160494,
      "69": 0.8045679012345679,
      "71": 0.804074074074074,
      "73": 0.8059259259259259,
      "75": 0.8020987654320988,
      "77": 0.8058024691358024,
      "79": 0.8060493827160494,
      "81": 0.8039506172839506,
      "83": 0.8060493827160494,
      "85": 0.8041975308641975,
      "87": 0.8045679012345679,
      "89": 0.8053086419753086,
      "91": 0.804320987654321,
      "93": 0.8038271604938272,
      "95": 0.8020987654320988,
      "97": 0.804320987654321,
      "99": 0.804320987654321,
      "101": 0.804074074074074,
      "103": 0.8035802469135802,
      "105": 0.804074074074074,
      "107": 0.8032098765432099,
      "109": 0.8035802469135802,
      "111": 0.8032098765432099,
      "113": 0.8028395061728395,
      "115": 0.8035802469135802,
      "117": 0.8028395061728395,
      "119": 0.8032098765432099,
      "121": 0.8034567901234568,
      "123": 0.8033333333333333,
      "125": 0.8033333333333333,
      "127": 0.8034567901234568,
      "129": 0.8030864197530864,
      "131": 0.8037037037037037,
      "133": 0.8034567901234568,
      "135": 0.8032098765432099,
      "137": 0.802716049382716,
      "139": 0.8035802469135802,
      "141": 0.8037037037037037,
      "143": 0.8030864197530864,
      "145": 0.8030864197530864,
      "147": 0.8033333333333333,
      "149": 0.802962962962963,
      "151": 0.8033333333333333,
      "153": 0.8037037037037037,
      "155": 0.8037037037037037,
      "157": 0.8035802469135802,
      "159": 0.8038271604938272,
      "161": 0.8033333333333333,
      "163": 0.8030864197530864,
      "165": 0.8034567901234568,
      "167": 0.8033333333333333,
      "169": 0.8038271604938272,
      "171": 0.8034567901234568,
      "173": 0.8038271604938272,
      "175": 0.8038271604938272,
      "177": 0.802962962962963,
      "179": 0.8033333333333333,
      "181": 0.8033333333333333,
      "183": 0.8034567901234568,
      "185": 0.8035802469135802,
      "187": 0.8034567901234568,
      "189": 0.8032098765432099,
      "191": 0.8033333333333333,
      "193": 0.8037037037037037,
      "195": 0.8032098765432099,
      "197": 0.8033333333333333,
      "199": 0.8035802469135802
    }
  }
}