{
  "dataset": "flowers102",
  "seed": 0,
  "shots": 16,
  "mapping": "blmp",
  "head_select": "test_kl",
  "prime_criterion": "kl",
  "norm": "imagenet",
  "epochs": 200,
  "lr": 0.01,
  "eval_every": 1,
  "n_train": 1632,
  "n_test": 2463,
  "best_test_acc": 0.8063337393422655,
  "best_epoch": 68,
  "final_test_acc": 0.7896873731222087,
  "curves": {
    "train_acc": [
      0.6060049019607843,
      0.6299019607843137,
      0.6409313725490197,
      0.6574754901960784,
      0.6807598039215687,
      0.6875,
      0.7120098039215687,
      0.71875,
      0.7340686274509803,
      0.7334558823529411,
      0.7432598039215687,
      0.7536764705882353,
      0.7634803921568627,
      0.7738970588235294,
      0.7879901960784313,
      0.7855392156862745,
      0.7886029411764706,
      0.7904411764705882,
      0.8075980392156863,
      0.8112745098039216,
      0.8223039215686274,
      0.821078431372549,
      0.8155637254901961,
      0.8449754901960784,
      0.8253676470588235,
      0.835171568627451,
      0.8204656862745098,
      0.8382352941176471,
      0.8486519607843137,
      0.8602941176470589,
      0.8590686274509803,
      0.8682598039215687,
      0.8590686274509803,
      0.8553921568627451,
      0.8719362745098039,
      0.8639705882352942,
      0.8694852941176471,
      0.883578431372549,
      0.8805147058823529,
      0.8756127450980392,
      0.8799019607843137,
      0.8786764705882353,
      0.8854166666666666,
      0.8805147058823529,
      0.8700980392156863,
      0.8848039215686274,
      0.8958333333333334,
      0.8903186274509803,
      0.8909313725490197,
      0.9025735294117647,
      0.8927696078431373,
      0.9007352941176471,
      0.9037990196078431,
      0.897671568627451,
      0.9001225490196079,
      0.9087009803921569,
      0.9007352941176471,
      0.8982843137254902,
      0.9068627450980392,
      0.9093137254901961,
      0.9068627450980392,
      0.9111519607843137,
      0.9111519607843137,
      0.9074754901960784,
      0.9160539215686274,
      0.9154411764705882,
      0.9129901960784313,
      0.9136029411764706,
      0.9197303921568627,
      0.9215686274509803,
      0.9252450980392157,
      0.9234068627450981,
      0.9227941176470589,
      0.9209558823529411,
      0.9227941176470589,
      0.9197303921568627,
      0.9258578431372549,
      0.9301470588235294,
      0.9276960784313726,
      0.9166666666666666,
      0.9332107843137255,
      0.9350490196078431,
      0.9276960784313726,
      0.9276960784313726,
      0.9344362745098039,
      0.9325980392156863,
      0.9356617647058824,
      0.9375,
      0.9393382352941176,
      0.9417892156862745,
      0.9393382352941176,
      0.9362745098039216,
      0.9332107843137255,
      0.9509803921568627,
      0.9405637254901961,
      0.9448529411764706,
      0.9497549019607843,
      0.9356617647058824,
      0.9479166666666666,
      0.9515931372549019,
      0.9650735294117647,
      0.9699754901960784,
      0.9699754901960784,
      0.9681372549019608,
      0.9681372549019608,
      0.9730392156862745,
      0.9754901960784313,
      0.9730392156862745,
      0.9767156862745098,
      0.9767156862745098,
      0.9779411764705882,
      0.9791666666666666,
      0.9767156862745098,
      0.9779411764705882,
      0.9785539215686274,
      0.9779411764705882,
      0.9785539215686274,
      0.9785539215686274,
      0.9779411764705882,
      0.9761029411764706,
      0.9779411764705882,
      0.9761029411764706,
      0.9767156862745098,
      0.9754901960784313,
      0.9742647058823529,
      0.9785539215686274,
      0.9767156862745098,
      0.9761029411764706,
      0.9748774509803921,
      0.9754901960784313,
      0.9736519607843137,
      0.9754901960784313,
      0.9748774509803921,
      0.9736519607843137,
      0.9742647058823529,
      0.9736519607843137,
      0.9730392156862745,
      0.9736519607843137,
      0.9736519607843137,
      0.9736519607843137,
      0.9730392156862745,
      0.9730392156862745,
      0.9724264705882353,
      0.9730392156862745,
      0.9730392156862745,
      0.9730392156862745,
      0.9730392156862745,
      0.9730392156862745,
      0.9730392156862745,
      0.9730392156862745,
      0.9730392156862745,
      0.9730392156862745,
      0.9730392156862745,
      0.9730392156862745,
      0.9730392156862745,
      0.9730392156862745,
      0.9730392156862745,
      0.9730392156862745,
      0.9730392156862745,
      0.9730392156862745,
      0.9730392156862745,
      0.9730392156862745,
      0.9730392156862745,
      0.9730392156862745,
      0.9730392156862745,
      0.9730392156862745,
      0.9730392156862745,
      0.9730392156862745,
      0.9730392156862745,
      0.9730392156862745,
      0.9730392156862745,
      0.9730392156862745,
      0.9730392156862745,
      0.9730392156862745,
      0.9730392156862745,
      0.9730392156862745,
      0.9724264705882353,
      0.9724264705882353,
      0.9724264705882353,
      0.9730392156862745,
      0.9724264705882353,
      0.9724264705882353,
      0.9724264705882353,
      0.9724264705882353,
      0.9724264705882353,
      0.9724264705882353,
      0.9724264705882353,
      0.9724264705882353,
      0.9724264705882353,
      0.9724264705882353,
      0.9724264705882353,
      0.9724264705882353,
      0.9724264705882353,
      0.9724264705882353,
      0.9724264705882353,
      0.9724264705882353,
      0.9724264705882353,
      0.9724264705882353,
      0.9724264705882353,
      0.9724264705882353
    ],
    "test_acc": {
      "0": 0.5984571660576533,
      "1": 0.6134794965489241,
      "2": 0.6378400324807145,
      "3": 0.6479902557856273,
      "4": 0.6630125862768981,
      "5": 0.6678846934632562,
      "6": 0.6800649614291514,
      "7": 0.6877791311408851,
      "8": 0.6946812829882257,
      "9": 0.6999593991067804,
      "10": 0.7133576938692652,
      "11": 0.7174177831912302,
      "12": 0.7373122208688592,
      "13": 0.7429963459196103,
      "14": 0.7446203816483963,
      "15": 0.7450263905805927,
      "16": 0.7434023548518067,
      "17": 0.7568006496142915,
      "18": 0.7584246853430775,
      "19": 0.7645148193260252,
      "20": 0.7693869265123833,
      "21": 0.7624847746650426,
      "22": 0.7734470158343484,
      "23": 0.7750710515631344,
      "24": 0.7779131140885099,
      "25": 0.7795371498172959,
      "26": 0.7637028014616322,
      "27": 0.7795371498172959,
      "28": 0.7896873731222087,
      "29": 0.7933414535119773,
      "30": 0.7986195696305318,
      "31": 0.7900933820544052,
      "32": 0.781973203410475,
      "33": 0.7969955339017458,
      "34": 0.7994315874949249,
      "35": 0.7754770604953309,
      "36": 0.7949654892407633,
      "37": 0.7965895249695494,
      "38": 0.8002436053593179,
      "39": 0.7848152659358506,
      "40": 0.7860332927324402,
      "41": 0.784409257003654,
      "42": 0.7945594803085668,
      "43": 0.7771010962241169,
      "44": 0.7868453105968332,
      "45": 0.7913114088509947,
      "46": 0.782785221274868,
      "47": 0.780349167681689,
      "48": 0.7787251319529029,
      "49": 0.7957775071051563,
      "50": 0.7941534713763703,
      "51": 0.7900933820544052,
      "52": 0.7982135606983354,
      "53": 0.7909053999187983,
      "54": 0.7990255785627284,
      "55": 0.7880633373934226,
      "56": 0.7986195696305318,
      "57": 0.7815671944782785,
      "58": 0.8018676410881039,
      "59": 0.7961835160373528,
      "60": 0.8006496142915144,
      "61": 0.7945594803085668,
      "62": 0.7917174177831913,
      "63": 0.7978075517661388,
      "64": 0.7998375964271214,
      "65": 0.7933414535119773,
      "66": 0.8002436053593179,
      "67": 0.7913114088509947,
      "68": 0.8063337393422655,
      "69": 0.8006496142915144,
      "70": 0.7957775071051563,
      "71": 0.7953714981729598,
      "72": 0.7961835160373528,
      "73": 0.7823792123426715,
      "74": 0.7998375964271214,
      "75": 0.7957775071051563,