{
  "dataset": "flowers102",
  "seed": 1,
  "shots": 16,
  "criterion": "kl",
  "epochs": 100,
  "lr": 0.001,
  "student": "vitb16",
  "api_queries_train": 0,
  "api_queries_test": 0,
  "primed_test_acc": {
    "test_kl": 0.7113276720046997,
    "train_kl": 0.7161997556686401,
    "last": 0.7161997556686401
  },
  "best_test_kl": 0.3438580632209778,
  "curves": {
    "train_loss": [
      1.7632610786194896,
      0.46789181992119433,
      0.321911951490477,
      0.25297408068881316,
      0.21211997025153217,
      0.1826349835769803,
      0.16245378992136786,
      0.145417953823127,
      0.13452314059523976,
      0.12290538263087179,
      0.11458454441790487,
      0.11152304358342115,
      0.10176999253385208,
      0.09619119821810256,
      0.09085086513968076,
      0.08784148462262809,
      0.08497436344623566,
      0.08241065708445568,
      0.07875085475982405,
      0.07843309757756252,
      0.0764753577463767,
      0.07606376853643679,
      0.07918172198183396,
      0.07105967387849209,
      0.06709284561814047,
      0.06450158920066029,
      0.06300342287503037,
      0.0623714497276381,
      0.05929656151463004,
      0.060107890881744085,
      0.05877670528841954,
      0.05883766696149228,
      0.05542390472164341,
      0.05254074967667168,
      0.051471311818150914,
      0.05187542641571924,
      0.050691706731038934,
      0.04956022883747138,
      0.048616398491111455,
      0.046966083932156656,
      0.04600986736077888,
      0.04552449746166959,
      0.04468519766541088,
      0.04214528436754264,
      0.04034602452142566,
      0.03866876932043655,
      0.03778171955662615,
      0.03668896832010325,
      0.036219189564387,
      0.035894861846577884,
      0.03527775048917415,
      0.034596277145194074,
      0.03391110093570223,
      0.03326218589848163,
      0.03284561707108628,
      0.03256103038495662,
      0.03208058889882237,
      0.03168935617249386,
      0.03133077634608045,
      0.03106065656916768,
      0.030756119638681412,
      0.03048512675598556,
      0.03021535229887448,
      0.02997969894432554,
      0.029690723281865027,
      0.029487949083833134,
      0.02928580080761629,
      0.02907103490011365,
      0.028915605270395092,
      0.028750946781798906,
      0.02857943339382901,
      0.028419370416040514,
      0.028288576605857586,
      0.028171129086438346,
      0.028075708478104835,
      0.027948900107659547,
      0.027846935917349422,
      0.027762822660745357,
      0.027661737273721135,
      0.027549612061942324,
      0.02748531800713025,
      0.027407159773158093,
      0.027332338267097286,
      0.0272646120512018,
      0.02722683994501245,
      0.02716968500731038,
      0.02711849769248682,
      0.02708439857644193,
      0.027046058838273965,
      0.02701084038206175,
      0.0269858172784249,
      0.02696381691916316,
      0.026943937893591674,
      0.02692730772290744,
      0.026913073644334196,
      0.026903379635483612,
      0.026895122967806516,
      0.02688994550821828,
      0.02688702261623214,
      0.026885501054279944
    ],
    "test_loss": [
      0.6290203332901001,
      0.4789540469646454,
      0.42680901288986206,
      0.4102771282196045,
      0.3928597867488861,
      0.3823823034763336,
      0.37135300040245056,
      0.3730877935886383,
      0.3616589605808258,
      0.36683008074760437,
      0.36057424545288086,
      0.354857861995697,
      0.35320666432380676,
      0.35193735361099243,
      0.35578328371047974,
      0.3460935354232788,
      0.3483220338821411,
      0.34749820828437805,
      0.3446190357208252,
      0.3487027883529663,
      0.35674992203712463,
      0.35374322533607483,
      0.3559207618236542,
      0.3505938649177551,
      0.35033586621284485,
      0.3490864932537079,
      0.3448995053768158,
      0.34802505373954773,
      0.34778329730033875,
      0.35207679867744446,
      0.35176968574523926,
      0.35227856040000916,
      0.3494909703731537,
      0.34870103001594543,
      0.3519798219203949,
      0.3477424383163452,
      0.3472607135772705,
      0.3462677299976349,
      0.3445330858230591,
      0.34532076120376587,
      0.3459835648536682,
      0.3465125262737274,
      0.3489534854888916,
      0.34585753083229065,
      0.34549105167388916,
      0.3471294641494751,
      0.346498042345047,
      0.34488609433174133,
      0.3442188501358032,
      0.34649521112442017,
      0.34789544343948364,
      0.3438580632209778,
      0.3448163568973541,
      0.34550175070762634,
      0.34460896253585815,
      0.3456740379333496,
      0.3447965085506439,
      0.3451426327228546,
      0.34530335664749146,
      0.34436577558517456,
      0.3452740013599396,
      0.3448416292667389,
      0.34496641159057617,
      0.3448821008205414,
      0.34510916471481323,
      0.3455252945423126,
      0.3453008532524109,
      0.3453714847564697,
      0.34573617577552795,
      0.3454127907752991,
      0.3458000123500824,
      0.34593576192855835,
      0.34586772322654724,
      0.34626635909080505,
      0.34556087851524353,
      0.34616103768348694,
      0.34591245651245117,
      0.34640952944755554,
      0.3461576998233795,
      0.34616270661354065,
      0.34629711508750916,
      0.3464902341365814,
      0.34647637605667114,
      0.34668436646461487,
      0.3464149832725525,
      0.3466084599494934,
      0.3465425968170166,
      0.34649866819381714,
      0.3465917110443115,
      0.3466182053089142,
      0.34660768508911133,
      0.3465879261493683,
      0.34658730030059814,
      0.3466731011867523,
      0.34666839241981506,
      0.3466370403766632,
      0.34664690494537354,
      0.3466493487358093,
      0.3466511368751526,
      0.3466509282588959
    ],