{
  "dataset": "flowers102",
  "seed": 2,
  "shots": 16,
  "criterion": "kl",
  "epochs": 100,
  "lr": 0.001,
  "student": "vitb16",
  "api_queries_train": 1632,
  "api_queries_test": 0,
  "primed_test_acc": {
    "test_kl": 0.7121396660804749,
    "train_kl": 0.7105156183242798,
    "last": 0.7105156183242798
  },
  "best_test_kl": 0.3412307798862457,
  "curves": {
    "train_loss": [
      1.746383995402093,
      0.4600850057368185,
      0.31684866372276754,
      0.24808508537563623,
      0.20456533426163243,
      0.18203646003031262,
      0.15852119700581419,
      0.14716303845246634,
      0.13457930555530623,
      0.1229587815263692,
      0.11630796334322761,
      0.10831161719911239,
      0.10169654178853128,
      0.09483084067994473,
      0.09074061860640843,
      0.09170978516340256,
      0.08491170231033773,
      0.08161502988899455,
      0.0799025755886938,
      0.07599714719781689,
      0.07261560652770248,
      0.07078614275829465,
      0.06927190019803889,
      0.06843166360083748,
      0.06944244457226173,
      0.06757890476899989,
      0.06394686608337889,
      0.06642769963717927,
      0.06502954764109031,
      0.0626131185129577,
      0.06028709721331503,
      0.05744961094038159,
      0.05540457192589255,
      0.05986633422035797,
      0.057172113773869535,
      0.05558052030848522,
      0.053001785760416704,
      0.05066665977823968,
      0.050614477883951334,
      0.04979053592565013,
      0.04748057340290032,
      0.04310693679487004,
      0.043029213287666734,
      0.04153444669118114,
      0.04067970388660244,
      0.04046246131845549,
      0.038469555842525816,
      0.03763796535192752,
      0.03691203388221124,
      0.035871689810472375,
      0.035333428020570795,
      0.03439675169248207,
      0.03385966877434768,
      0.033358965799504633,
      0.03278310794164153,
      0.032389883755468855,
      0.031860877339746435,
      0.03152979819067553,
      0.031230247488208844,
      0.031000101756231458,
      0.030734875842052346,
      0.030524244130242104,
      0.03025114700636443,
      0.029945577403493955,
      0.029690494578258664,
      0.029600787944361277,
      0.029358707697075957,
      0.02916229866883334,
      0.02897671325241818,
      0.028822742585165827,
      0.02867866274626816,
      0.02852575108408928,
      0.028387731781192853,
      0.028263427828456842,
      0.02812769395463607,
      0.02802650005940129,
      0.02795145032452602,
      0.027833605440808276,
      0.02773775649713535,
      0.027666974337954148,
      0.027595572611864877,
      0.02751288957455579,
      0.0274497312950153,
      0.027377766429209242,
      0.027325815137694862,
      0.02727552196558784,
      0.027237670276971424,
      0.027198519046400107,
      0.02715621421150133,
      0.02712750851231463,
      0.027100045270487375,
      0.02707849249389826,
      0.027057776446728146,
      0.02704117301048017,
      0.027029596342175614,
      0.02701948601387295,
      0.027012307963827076,
      0.02700688229764209,
      0.027003596555076392,
      0.027002186240518793
    ],
    "test_loss": [
      0.6106043457984924,
      0.47418081760406494,
      0.4311787188053131,
      0.41117265820503235,
      0.39552852511405945,
      0.38312676548957825,
      0.3764326870441437,
      0.37590187788009644,
      0.36582234501838684,
      0.36465752124786377,
      0.36106812953948975,
      0.3638136088848114,
      0.35602906346321106,
      0.3512076437473297,
      0.35204610228538513,
      0.34881502389907837,
      0.3534487783908844,
      0.34829702973365784,
      0.3527083098888397,
      0.34769949316978455,
      0.3488275110721588,
      0.35319557785987854,
      0.3452604115009308,
      0.35084831714630127,
      0.3420974612236023,
      0.3421652615070343,
      0.35108038783073425,
      0.3515813946723938,
      0.35130831599235535,
      0.3482075333595276,
      0.3509805500507355,
      0.3434433043003082,
      0.3478132486343384,
      0.34474241733551025,
      0.3479194641113281,
      0.35203853249549866,
      0.34490302205085754,
      0.34432461857795715,
      0.34510567784309387,
      0.3454122841358185,
      0.34783491492271423,
      0.3450319468975067,
      0.34308311343193054,
      0.3446734845638275,
      0.3454888164997101,
      0.3423004448413849,
      0.34123411774635315,
      0.3422967493534088,
      0.3415291905403137,
      0.3434489071369171,
      0.3412683606147766,
      0.34302082657814026,
      0.3412307798862457,
      0.34310564398765564,
      0.3420499563217163,
      0.342742383480072,
      0.34231361746788025,
      0.3429272174835205,
      0.34291791915893555,
      0.34303247928619385,
      0.34227442741394043,
      0.3427952527999878,
      0.34292110800743103,
      0.34310805797576904,
      0.3422364592552185,
      0.3425619304180145,
      0.3433876633644104,
      0.343127578496933,
      0.342974990606308,
      0.3435053825378418,
      0.3434346616268158,
      0.34335896372795105,
      0.34355422854423523,
      0.3434225618839264,
      0.34391698241233826,
      0.3437919020652771,
      0.3435407280921936,
      0.34387192130088806,
      0.34360450506210327,
      0.34364742040634155,
      0.3440350294113159,
      0.3437028229236603,
      0.344096839427948,
      0.34400057792663574,
      0.34413009881973267,
      0.34385955333709717,
      0.34401869773864746,
      0.34409743547439575,
      0.34407177567481995,
      0.34411707520484924,
      0.3440541625022888,
      0.34409838914871216,
      0.34405362606048584,
      0.34409773349761963,
      0.3441234529018402,
      0.34411078691482544,
      0.3441113531589508,
      0.3441203534603119,
      0.34411633014678955,
      0.3441162705421448
    ],