{
  "dataset": "gtsrb",
  "seed": 1,
  "shots": 16,
  "criterion": "kl",
  "epochs": 100,
  "lr": 0.001,
  "student": "vitb16",
  "api_queries_train": 688,
  "api_queries_test": 0,
  "primed_test_acc": {
    "test_kl": 0.10158353298902512,
    "train_kl": 0.10031670331954956,
    "last": 0.10031670331954956
  },
  "best_test_kl": 0.49359631538391113,
  "curves": {
    "train_loss": [
      0.9753861357999403,
      0.5663405691468438,
      0.42820982045905537,
      0.3462790417116742,
      0.2990763492362444,
      0.2679793404978375,
      0.2477243889209836,
      0.22915864683860956,
      0.21265180097069852,
      0.20045574529226437,
      0.18846850755602815,
      0.1791685001794682,
      0.1707581836123799,
      0.16497302263282065,
      0.15893720229004704,
      0.1517549569523612,
      0.14720468604287437,
      0.1421534852233044,
      0.13569182018901027,
      0.13311350518880888,
      0.12891267101432002,
      0.12471683392691058,
      0.12053843241098315,
      0.1184543333081312,
      0.11508567544610002,
      0.11239883858104084,
      0.11066036186245985,
      0.10802004261072291,
      0.10572877145090769,
      0.10528706135444862,
      0.10166290835585705,
      0.10022236233533816,
      0.09826786313639131,
      0.09666506946086884,
      0.09459522435831469,
      0.09299482942320579,
      0.09249249759108522,
      0.09108485212159712,
      0.0890571691615637,
      0.08766699911550034,
      0.08620259893494983,
      0.08512856863265814,
      0.08434773288493932,
      0.08269827362409858,
      0.08190825252338897,
      0.08142367559810017,
      0.08035067087689111,
      0.07938666676366052,
      0.0786859039650407,
      0.07816767987123756,
      0.07713601339695066,
      0.07664443951013476,
      0.07566066224907719,
      0.07523806999589122,
      0.074088433974011,
      0.07361511938100637,
      0.07289288331602894,
      0.07260445436072904,
      0.07218858010547105,
      0.07135720741610195,
      0.07093451432017393,
      0.0704776889016462,
      0.07028284322383792,
      0.06981723322424778,
      0.06921445370413536,
      0.06883043570573939,
      0.06846722821856654,
      0.06814442713593327,
      0.06791223880163459,
      0.06767375490000081,
      0.06738270472648532,
      0.06711105863715328,
      0.06671518537887307,
      0.0665464678476023,
      0.06629237255384755,
      0.06611389857391979,
      0.06592690338229024,
      0.06583081601664077,
      0.0655882268450981,
      0.0654561287441919,
      0.06530393036298973,
      0.06519472321798635,
      0.0650570091986379,
      0.06496729511161183,
      0.06485684475926466,
      0.06478521331798198,
      0.06469234486305436,
      0.06462519858465639,
      0.06454400129096452,
      0.06449786400379137,
      0.06444998847883801,
      0.06441221888675246,
      0.06438318761282188,
      0.06436014539280603,
      0.06433928064828695,
      0.06432341853546542,
      0.06430831490907558,
      0.0642999202706093,
      0.06429537377038667,
      0.06429230699012446
    ],
    "test_loss": [
      0.7815596461296082,
      0.616097092628479,
      0.5804750323295593,
      0.5377552509307861,
      0.5276777744293213,
      0.5132957696914673,
      0.5093061327934265,
      0.5065511465072632,
      0.5039081573486328,
      0.49998143315315247,
      0.4946712851524353,
      0.5015043020248413,
      0.49728259444236755,
      0.4969882369041443,
      0.5032333731651306,
      0.49359631538391113,
      0.4970608651638031,
      0.49616047739982605,
      0.49564868211746216,
      0.49610576033592224,
      0.49612051248550415,
      0.49717530608177185,
      0.49665161967277527,
      0.5015748739242554,
      0.49546751379966736,
      0.5012626647949219,
      0.5036227107048035,
      0.5003648400306702,
      0.5061632990837097,
      0.5019094944000244,
      0.504141092300415,
      0.5069558024406433,
      0.5021289587020874,
      0.5057128667831421,
      0.5037317872047424,
      0.5050376653671265,
      0.5092776417732239,
      0.5086613893508911,
      0.5106949210166931,
      0.506952166557312,
      0.509484589099884,
      0.510189950466156,
      0.5109043121337891,
      0.5113271474838257,
      0.5147871971130371,
      0.511675238609314,
      0.5136324167251587,
      0.514156699180603,
      0.515999972820282,
      0.5136234164237976,
      0.5152826309204102,
      0.5151427388191223,
      0.5168799757957458,
      0.5156891942024231,
      0.5168428421020508,
      0.5182125568389893,
      0.5169327855110168,
      0.5179052948951721,
      0.5179424285888672,
      0.5190431475639343,
      0.5188925862312317,
      0.5194705128669739,
      0.5201363563537598,
      0.5199825763702393,
      0.5207923054695129,
      0.5197376608848572,
      0.5207962393760681,
      0.5204752683639526,
      0.5214077234268188,
      0.5212743282318115,
      0.5218021869659424,
      0.5221471786499023,
      0.5217025279998779,
      0.521915078163147,
      0.5221186280250549,
      0.5227879285812378,
      0.5230322480201721,
      0.5223798751831055,
      0.5225226879119873,
      0.5235937237739563,
      0.5237249135971069,
      0.523186981678009,
      0.5228551030158997,
      0.5233511328697205,
      0.5236487984657288,
      0.5235724449157715,
      0.5237701535224915,
      0.5237634181976318,
      0.5237013697624207,
      0.5236169695854187,
      0.5237587094306946,
      0.5237398743629456,
      0.5236762762069702,
      0.5237754583358765,
      0.5237787365913391,
      0.5238295793533325,
      0.5238323211669922,
      0.5238214135169983,
      0.523819625377655,
      0.5238202214241028
    ],