{
  "dataset": "svhn",
  "seed": 0,
  "shots": 16,
  "criterion": "kl",
  "epochs": 100,
  "lr": 0.001,
  "student": "vitb16",
  "api_queries_train": 160,
  "api_queries_test": 26032,
  "primed_test_acc": {
    "test_kl": 0.08704671263694763,
    "train_kl": 0.087699756026268,
    "last": 0.087699756026268
  },
  "best_test_kl": 0.2255774587392807,
  "curves": {
    "train_loss": [
      0.46394896507263184,
      0.31404311656951905,
      0.26004694402217865,
      0.22722492516040801,
      0.1820535182952881,
      0.15924862921237945,
      0.14611664414405823,
      0.13324687778949737,
      0.11807143837213516,
      0.10751857459545136,
      0.10092751383781433,
      0.09449853599071503,
      0.08817344605922699,
      0.08233595341444015,
      0.07796069979667664,
      0.07369513288140297,
      0.06921137869358063,
      0.06657675206661225,
      0.06282278373837472,
      0.060294647514820096,
      0.05742070972919464,
      0.055326642096042634,
      0.05330104976892471,
      0.05123568624258042,
      0.049822761118412016,
      0.04774252325296402,
      0.04607510715723038,
      0.044585388898849485,
      0.04317261502146721,
      0.04169124439358711,
      0.04021022245287895,
      0.03914572671055794,
      0.03821062296628952,
      0.03712112046778202,
      0.036196230351924895,
      0.035328279435634616,
      0.03443354889750481,
      0.03362547680735588,
      0.03293928876519203,
      0.03215395621955395,
      0.03140559457242489,
      0.03082190304994583,
      0.030141904950141907,
      0.029931217432022095,
      0.029017120227217676,
      0.02878100872039795,
      0.02799939289689064,
      0.027838592231273652,
      0.027030682563781737,
      0.026793812587857246,
      0.02629687897861004,
      0.025991055741906167,
      0.025467345491051674,
      0.025183708220720292,
      0.024888119474053384,
      0.02453563138842583,
      0.02431664988398552,
      0.02389620617032051,
      0.02371635362505913,
      0.02343754954636097,
      0.023266012594103814,
      0.0229719128459692,
      0.022860205546021462,
      0.022562167048454283,
      0.022532252594828606,
      0.02218230962753296,
      0.0219221543520689,
      0.021790003404021263,
      0.02162526994943619,
      0.02160246893763542,
      0.021357543393969537,
      0.02120271250605583,
      0.02110772207379341,
      0.020975560322403906,
      0.02085953950881958,
      0.020771130919456482,
      0.02071867845952511,
      0.02060965560376644,
      0.02053273841738701,
      0.02046204060316086,
      0.020410604029893874,
      0.020359292253851892,
      0.020302966237068176,
      0.020237883552908897,
      0.020202840119600295,
      0.020151353627443313,
      0.020123940706253052,
      0.020085912197828293,
      0.020061568915843965,
      0.02004123665392399,
      0.02002187669277191,
      0.020010824874043466,
      0.01999705620110035,
      0.019989297538995743,
      0.01998252123594284,
      0.019976391270756722,
      0.019972454011440276,
      0.019969988241791727,
      0.019968933984637262,
      0.019968445971608163
    ],
    "test_loss": [
      0.35399436950683594,
      0.3550179898738861,
      0.31543099880218506,
      0.28199446201324463,
      0.2585439682006836,
      0.24504074454307556,
      0.24073565006256104,
      0.23662418127059937,
      0.23227517306804657,
      0.23497626185417175,
      0.23898229002952576,
      0.23807083070278168,
      0.22945880889892578,
      0.22601576149463654,
      0.22723275423049927,
      0.22734421491622925,
      0.2273230105638504,
      0.22802415490150452,
      0.22854870557785034,
      0.22658991813659668,
      0.2255774587392807,
      0.22646908462047577,
      0.2262914627790451,
      0.226633682847023,
      0.22772574424743652,
      0.2275255024433136,
      0.22739391028881073,
      0.22920280694961548,
      0.2292860746383667,
      0.2287171483039856,
      0.2297193706035614,
      0.22965431213378906,
      0.2292960286140442,
      0.23050911724567413,
      0.2321949452161789,
      0.23168742656707764,
      0.2315184623003006,
      0.23179003596305847,
      0.23120632767677307,
      0.23207467794418335,
      0.23196810483932495,
      0.23172065615653992,
      0.23338496685028076,
      0.23370979726314545,
      0.23267385363578796,
      0.23327204585075378,
      0.23518089950084686,
      0.23436051607131958,
      0.2338612824678421,
      0.2342764437198639,
      0.2347893863916397,
      0.2352527529001236,
      0.23511379957199097,
      0.23587724566459656,
      0.23628510534763336,
      0.23592908680438995,
      0.23585571348667145,
      0.23649205267429352,
      0.23665672540664673,
      0.23642374575138092,
      0.2365029752254486,
      0.23729653656482697,
      0.23753418028354645,
      0.23732270300388336,
      0.23732905089855194,
      0.23754826188087463,
      0.23757688701152802,
      0.23740163445472717,
      0.23732389509677887,
      0.23748447000980377,
      0.23793193697929382,
      0.23830562829971313,
      0.23832471668720245,
      0.23836767673492432,
      0.23832720518112183,
      0.23825997114181519,
      0.23839566111564636,
      0.23860836029052734,
      0.23870642483234406,
      0.23866061866283417,
      0.23855789005756378,
      0.23857830464839935,
      0.23875071108341217,
      0.23892910778522491,
      0.23903745412826538,
      0.23907507956027985,
      0.23911415040493011,
      0.23907902836799622,
      0.23904694616794586,
      0.23903535306453705,
      0.23902375996112823,
      0.2390155792236328,
      0.23900465667247772,
      0.23899967968463898,
      0.23900173604488373,
      0.239004984498024,
      0.23900926113128662,
      0.23901179432868958,
      0.23901377618312836,
      0.23901411890983582
    ],