{
  "dataset": "eurosat",
  "seed": 2,
  "shots": 16,
  "criterion": "kl",
  "epochs": 100,
  "lr": 0.001,
  "student": "vitb16",
  "api_queries_train": 160,
  "api_queries_test": 0,
  "primed_test_acc": {
    "test_kl": 0.41777777671813965,
    "train_kl": 0.4130864143371582,
    "last": 0.4130864143371582
  },
  "best_test_kl": 0.3682265281677246,
  "curves": {
    "train_loss": [
      0.765268087387085,
      0.4946255266666412,
      0.3589184582233429,
      0.28615260124206543,
      0.2438186377286911,
      0.20984765887260437,
      0.18685190975666047,
      0.1683257520198822,
      0.14678798317909242,
      0.13238158226013183,
      0.11806875467300415,
      0.10862902104854584,
      0.09906315803527832,
      0.09165952801704406,
      0.08412922024726868,
      0.07897758185863495,
      0.07322234511375428,
      0.0685757800936699,
      0.06380604282021522,
      0.06072877869009972,
      0.05715978890657425,
      0.054336150735616685,
      0.05210525691509247,
      0.04955362528562546,
      0.04752727076411247,
      0.04536857604980469,
      0.043385235220193864,
      0.04170056879520416,
      0.04020836055278778,
      0.03855164647102356,
      0.03755351901054382,
      0.036187224090099335,
      0.03498836681246757,
      0.03369500190019607,
      0.033028241619467734,
      0.03201160803437233,
      0.03101215660572052,
      0.03026358485221863,
      0.029361484572291374,
      0.028782576322555542,
      0.02802256792783737,
      0.02724640369415283,
      0.02664884924888611,
      0.026077034324407576,
      0.02551978938281536,
      0.02487632483243942,
      0.02446497082710266,
      0.02400919646024704,
      0.0235518429428339,
      0.023090386018157005,
      0.02277320548892021,
      0.02241172343492508,
      0.02200322300195694,
      0.021695466339588167,
      0.021282312273979188,
      0.02115849666297436,
      0.02081776112318039,
      0.020487275347113608,
      0.020296933129429817,
      0.0199598278850317,
      0.019788537174463272,
      0.019606515765190125,
      0.01934739723801613,
      0.019149168580770492,
      0.018962130323052405,
      0.018809744715690614,
      0.018619446083903313,
      0.018471799790859222,
      0.018322570621967314,
      0.018196001648902893,
      0.018059760332107544,
      0.01794096641242504,
      0.017842809110879897,
      0.017748718708753587,
      0.017648613452911376,
      0.017547710984945297,
      0.017460375279188155,
      0.017415371909737586,
      0.0173482745885849,
      0.017293427139520645,
      0.017220041155815123,
      0.017163318395614625,
      0.017105647176504136,
      0.017063794285058977,
      0.017024634033441545,
      0.01699611693620682,
      0.016968937963247298,
      0.01693844757974148,
      0.0169163353741169,
      0.01689596623182297,
      0.01688008289784193,
      0.0168647401034832,
      0.016853223741054534,
      0.01684351861476898,
      0.016837096586823464,
      0.01683226302266121,
      0.016828940063714982,
      0.016826873272657396,
      0.016825821623206137,
      0.01682535409927368
    ],
    "test_loss": [
      0.6690670251846313,
      0.5546627044677734,
      0.45808205008506775,
      0.43039876222610474,
      0.4249318242073059,
      0.4114188849925995,
      0.39068636298179626,
      0.38027045130729675,
      0.38502657413482666,
      0.38131165504455566,
      0.3748725354671478,
      0.37192490696907043,
      0.3745199739933014,
      0.37743517756462097,
      0.3738912343978882,
      0.3682265281677246,
      0.37171512842178345,
      0.3721495270729065,
      0.3775107264518738,
      0.375962495803833,
      0.37377551198005676,
      0.37235650420188904,
      0.37653887271881104,
      0.37822139263153076,
      0.3733465373516083,
      0.37320682406425476,
      0.3746786117553711,
      0.3781091868877411,
      0.3778091371059418,
      0.37611985206604004,
      0.37808969616889954,
      0.3815634548664093,
      0.38120037317276,
      0.3771834969520569,
      0.37696927785873413,
      0.38046783208847046,
      0.3787313401699066,
      0.37799960374832153,
      0.37806159257888794,
      0.37703612446784973,
      0.37965139746665955,
      0.3803311884403229,
      0.3806461691856384,
      0.37910354137420654,
      0.38000577688217163,
      0.3800230920314789,
      0.3810791075229645,
      0.3819319009780884,
      0.38169634342193604,
      0.38047435879707336,
      0.37908148765563965,
      0.38048869371414185,
      0.3817582130432129,
      0.3814476728439331,
      0.37955501675605774,
      0.37903115153312683,
      0.3814524710178375,
      0.3830152750015259,
      0.3827180862426758,
      0.38140735030174255,
      0.3805639445781708,
      0.3806968033313751,
      0.3824905753135681,
      0.3827044665813446,
      0.38230836391448975,
      0.3813740313053131,
      0.38146960735321045,
      0.3818337917327881,
      0.3828968405723572,
      0.3831394910812378,
      0.38293951749801636,
      0.382771372795105,
      0.38232627511024475,
      0.38220691680908203,
      0.3823310434818268,
      0.3825075626373291,
      0.38311877846717834,
      0.3838420808315277,
      0.38385188579559326,
      0.3832288682460785,
      0.382803738117218,
      0.3826563060283661,
      0.3826363682746887,
      0.3827751576900482,
      0.3829852044582367,
      0.3831934630870819,
      0.3833300769329071,
      0.3832927644252777,
      0.38317105174064636,
      0.3830452561378479,
      0.3829648196697235,
      0.38285741209983826,
      0.38282713294029236,
      0.38283514976501465,
      0.38280802965164185,
      0.38280028104782104,
      0.38279595971107483,
      0.38279056549072266,
      0.3827877640724182,
      0.3827875852584839
    ],