{
  "dataset": "gtsrb",
  "seed": 2,
  "shots": 16,
  "criterion": "kl",
  "epochs": 100,
  "lr": 0.001,
  "student": "vitb16",
  "api_queries_train": 688,
  "api_queries_test": 0,
  "primed_test_acc": {
    "test_kl": 0.08844022452831268,
    "train_kl": 0.09596199542284012,
    "last": 0.09596199542284012
  },
  "best_test_kl": 0.5127427577972412,
  "curves": {
    "train_loss": [
      0.9589140692422556,
      0.5871422540309817,
      0.4437467469725498,
      0.36347727997358453,
      0.31638749602229094,
      0.28085779589275983,
      0.25858792766582134,
      0.23936600671258085,
      0.22310254878776017,
      0.2084095367165499,
      0.19902469806892928,
      0.18797966214113457,
      0.17955052298168803,
      0.17132486299026845,
      0.16555387855962264,
      0.1602287133072698,
      0.1539209890504216,
      0.1481931445210479,
      0.14154370163762292,
      0.13762473956097004,
      0.1326837706011395,
      0.12912820175636647,
      0.1254564755877783,
      0.12366380473208982,
      0.11996291681777599,
      0.11695821860501933,
      0.11533578901096832,
      0.11163347093171852,
      0.1097226712939351,
      0.10805894434452057,
      0.10501730823239615,
      0.1031712605509647,
      0.10115441974512367,
      0.10005954479755358,
      0.09821804959413617,
      0.09694083364203919,
      0.09525006143159645,
      0.0936485230922699,
      0.09344856683598009,
      0.09150026911912962,
      0.0893958079260449,
      0.08789785968702893,
      0.0871584361722303,
      0.08578754025836323,
      0.08564080072696818,
      0.08421689826388691,
      0.08333343371402385,
      0.0823044671222221,
      0.08178722945063613,
      0.08061749938615533,
      0.07961268619049428,
      0.07911954785502234,
      0.07842740295238274,
      0.07830518414807874,
      0.07769871277864589,
      0.07652300700198772,
      0.07581402292085249,
      0.07557612709527792,
      0.07485133444153985,
      0.07447169409241787,
      0.07378714722256328,
      0.07318632581899333,
      0.07269698468058608,
      0.07242805493432422,
      0.07185474332681922,
      0.07149550336044888,
      0.07128133156964946,
      0.07068362069684406,
      0.07071258352939473,
      0.07061531013527582,
      0.07046812564827674,
      0.06980325732120247,
      0.06940393704314564,
      0.06916225025820177,
      0.06896430357944133,
      0.06873315364815467,
      0.06850235822588899,
      0.06849089386158211,
      0.06816961858854738,
      0.068021803227968,
      0.06786957175232643,
      0.06774153612380804,
      0.0676471927138262,
      0.06755899144119995,
      0.06747752202804698,
      0.06733035209567048,
      0.06728743380585382,
      0.06721202232116877,
      0.06712351774060449,
      0.06708787139071974,
      0.06704420544380366,
      0.06700109829043233,
      0.06696644875892373,
      0.06693335639875989,
      0.06691313422349997,
      0.0668957177982774,
      0.06688381922106411,
      0.06687519560719646,
      0.06687086560698442,
      0.06686838880874389
    ],
    "test_loss": [
      0.7700751423835754,
      0.6481355428695679,
      0.5860525369644165,
      0.5651925802230835,
      0.5466368794441223,
      0.5381793975830078,
      0.531334638595581,
      0.5382979512214661,
      0.5204721093177795,
      0.5211926698684692,
      0.5241361856460571,
      0.5180177688598633,
      0.5203067660331726,
      0.5127427577972412,
      0.5180235505104065,
      0.5199536681175232,
      0.5199717879295349,
      0.516883373260498,
      0.5182191133499146,
      0.5133607983589172,
      0.5133146643638611,
      0.5162189602851868,
      0.5183627605438232,
      0.5189719200134277,
      0.5147711634635925,
      0.515479564666748,
      0.5199680924415588,
      0.5163148045539856,
      0.5237002372741699,
      0.5180611610412598,
      0.5210571885108948,
      0.5190689563751221,
      0.5218486189842224,
      0.5183996558189392,
      0.5317244529724121,
      0.5219846963882446,
      0.5205965638160706,
      0.5225945711135864,
      0.5266029238700867,
      0.5293869376182556,
      0.525189220905304,
      0.523465633392334,
      0.5263347625732422,
      0.5287264585494995,
      0.5273919105529785,
      0.5264883637428284,
      0.5260637998580933,
      0.5289202928543091,
      0.5259279012680054,
      0.5281831622123718,
      0.5276973843574524,
      0.5301863551139832,
      0.5298764109611511,
      0.5295693278312683,
      0.5321609973907471,
      0.5293190479278564,
      0.5323637127876282,
      0.5297369956970215,
      0.5316946506500244,
      0.5328528881072998,
      0.5320839285850525,
      0.5319770574569702,
      0.5310787558555603,
      0.5338770747184753,
      0.5330650806427002,
      0.5330575108528137,
      0.533431351184845,
      0.5336806774139404,
      0.5337847471237183,
      0.5358725190162659,
      0.533282995223999,
      0.5344694256782532,
      0.5350015163421631,
      0.5348114967346191,
      0.5349432826042175,
      0.5347628593444824,
      0.5353348851203918,
      0.5360851883888245,
      0.5350744128227234,
      0.5344460010528564,
      0.5354678630828857,
      0.5351736545562744,
      0.5353599786758423,
      0.5355595350265503,
      0.5365272760391235,
      0.5364176034927368,
      0.5352510213851929,
      0.5360162854194641,
      0.5357800126075745,
      0.5361426472663879,
      0.5362727642059326,
      0.5360628962516785,
      0.5359636545181274,
      0.5360233187675476,
      0.5360285043716431,
      0.5360128283500671,
      0.5360369086265564,
      0.5360352993011475,
      0.5360389947891235,
      0.536037266254425
    ],