{
  "dataset": "gtsrb",
  "seed": 0,
  "shots": 16,
  "criterion": "kl",
  "epochs": 100,
  "lr": 0.001,
  "student": "vitb16",
  "api_queries_train": 688,
  "api_queries_test": 12630,
  "primed_test_acc": {
    "test_kl": 0.1038796529173851,
    "train_kl": 0.09968329221010208,
    "last": 0.09968329221010208
  },
  "best_test_kl": 0.4991874694824219,
  "curves": {
    "train_loss": [
      0.9956980056540911,
      0.5758908044460208,
      0.4353961473287538,
      0.3482653152110965,
      0.3042246054771335,
      0.2688065940557524,
      0.24647945477518923,
      0.2276069279326949,
      0.21212254707203354,
      0.19931478139966033,
      0.18888622106507766,
      0.17841379101886307,
      0.17124594020289044,
      0.1627930794344392,
      0.15529318188512048,
      0.14924837544906971,
      0.1452807479126509,
      0.13992320209048514,
      0.13616966646771098,
      0.13215102082075075,
      0.12693956667600675,
      0.12400817385939665,
      0.12192997128464454,
      0.118286331725675,
      0.11555650708980339,
      0.11361890268880268,
      0.11099062790704328,
      0.10839144521674444,
      0.10705750799456308,
      0.1039171076791231,
      0.1030294455068056,
      0.10012710891490759,
      0.09882142446761907,
      0.09747992975767268,
      0.09580771313157192,
      0.0934527492107347,
      0.09218952562226805,
      0.09097153035014174,
      0.08943188190460205,
      0.0890641117165255,
      0.08704079271749009,
      0.08604109876377639,
      0.08514310956694358,
      0.08381441997927289,
      0.08275879988836687,
      0.08244181337744691,
      0.08145532791697702,
      0.08020325958035714,
      0.07962422211502873,
      0.07891836502524309,
      0.0781677583622378,
      0.07721465791380683,
      0.07636086070953413,
      0.0758036808219067,
      0.07533816612044046,
      0.07438303720812466,
      0.07399120268433593,
      0.07360233816989632,
      0.07286527458318444,
      0.07245148770337881,
      0.07183643828990847,
      0.07134374698927236,
      0.07091965283765349,
      0.0706998016252074,
      0.07040201370106187,
      0.06980363383542659,
      0.06942969629930895,
      0.06911592480055122,
      0.06902364589447199,
      0.06863078059152115,
      0.06826339384844136,
      0.06801175482051317,
      0.06771270965420922,
      0.06754749632158945,
      0.06742516385261403,
      0.06715695646613143,
      0.0669116897638454,
      0.06673941466697426,
      0.06650417887194213,
      0.06639409411785215,
      0.06627336439005165,
      0.06614730628423912,
      0.06611559695975724,
      0.06591244457766067,
      0.06582272962428802,
      0.06573115098615025,
      0.06563892388759657,
      0.06557008416153663,
      0.0655307655417642,
      0.06546267971049907,
      0.06541287760401882,
      0.06538223613833272,
      0.06535350028858629,
      0.06532676673905793,
      0.06530132127362628,
      0.06528321887518085,
      0.0652714992851712,
      0.06526184160002442,
      0.06525694301655126,
      0.06525450269150179
    ],
    "test_loss": [
      0.7671876549720764,
      0.6238611936569214,
      0.5775516629219055,
      0.5463164448738098,
      0.52679842710495,
      0.5215885043144226,
      0.5094046592712402,
      0.5137417912483215,
      0.5071525573730469,
      0.504740834236145,
      0.5018210411071777,
      0.501968264579773,
      0.5045722723007202,
      0.4997500479221344,
      0.5014011859893799,
      0.5002471208572388,
      0.500821590423584,
      0.4991874694824219,
      0.5035014152526855,
      0.5015779733657837,
      0.5020467638969421,
      0.506861686706543,
      0.5057793259620667,
      0.5021204352378845,
      0.5054911375045776,
      0.5074172019958496,
      0.5072708129882812,
      0.5041333436965942,
      0.5105563998222351,
      0.5095239281654358,
      0.5101855397224426,
      0.511451780796051,
      0.5157946944236755,
      0.5148401260375977,
      0.5112127661705017,
      0.5148652195930481,
      0.5136643052101135,
      0.5186877250671387,
      0.5136255621910095,
      0.5166469216346741,
      0.5169548988342285,
      0.5197728872299194,
      0.5193089246749878,
      0.5194615125656128,
      0.5194769501686096,
      0.5201442241668701,
      0.521545946598053,
      0.5214539766311646,
      0.5236039757728577,
      0.5239551067352295,
      0.5218390822410583,
      0.5248669385910034,
      0.5230132937431335,
      0.5251964926719666,
      0.5246890783309937,
      0.5271015167236328,
      0.5251584649085999,
      0.5263065695762634,
      0.5281980633735657,
      0.5276328325271606,
      0.529210090637207,
      0.5284548997879028,
      0.5299406051635742,
      0.5289446711540222,
      0.5303066968917847,
      0.5293743014335632,
      0.5299519300460815,
      0.5310778617858887,
      0.5301653146743774,
      0.5308406949043274,
      0.5312175750732422,
      0.5318365693092346,
      0.531544029712677,
      0.5323202013969421,
      0.5317016839981079,
      0.5325203537940979,
      0.5324414372444153,
      0.5322695374488831,
      0.5329729914665222,
      0.5330439805984497,
      0.533138632774353,
      0.5330429673194885,
      0.5334821939468384,
      0.533308207988739,
      0.5333263874053955,
      0.5335655808448792,
      0.533810019493103,
      0.5337440371513367,
      0.533986508846283,
      0.5337989330291748,
      0.5337606072425842,
      0.5339013338088989,
      0.5338277220726013,
      0.5338648557662964,
      0.5338369011878967,
      0.533833384513855,
      0.5338636040687561,
      0.533851146697998,
      0.5338551998138428,
      0.5338546633720398
    ],