{
  "dataset": "eurosat",
  "seed": 0,
  "shots": 16,
  "criterion": "kl",
  "epochs": 100,
  "lr": 0.001,
  "student": "vitb16",
  "api_queries_train": 160,
  "api_queries_test": 0,
  "primed_test_acc": {
    "test_kl": 0.41197529435157776,
    "train_kl": 0.4091357886791229,
    "last": 0.4091357886791229
  },
  "best_test_kl": 0.3342027962207794,
  "curves": {
    "train_loss": [
      0.9290096163749695,
      0.5772820711135864,
      0.4424135684967041,
      0.35945624113082886,
      0.29303100109100344,
      0.24515121579170226,
      0.21929464638233184,
      0.18917566835880278,
      0.16470619440078735,
      0.14663730263710023,
      0.13396330773830414,
      0.11936957836151123,
      0.10838479101657868,
      0.09858648031949997,
      0.09074620008468628,
      0.0847616508603096,
      0.07856915891170502,
      0.07473244965076446,
      0.0697223573923111,
      0.06626445204019546,
      0.062319932878017424,
      0.05918034687638283,
      0.057110336422920224,
      0.0537473276257515,
      0.05169953554868698,
      0.04956656396389007,
      0.047327323257923125,
      0.04533098638057709,
      0.04339144751429558,
      0.04198446273803711,
      0.04040079042315483,
      0.039043812453746794,
      0.03781246617436409,
      0.03656131029129028,
      0.03548927903175354,
      0.03441099748015404,
      0.033479689806699756,
      0.03246232643723488,
      0.0317872017621994,
      0.030959371104836465,
      0.02999807521700859,
      0.029368297010660172,
      0.02862846702337265,
      0.028018143400549887,
      0.027485011890530587,
      0.026852766051888466,
      0.026313070952892304,
      0.025820611417293547,
      0.025348465144634246,
      0.024875006079673766,
      0.02445647269487381,
      0.024081653729081155,
      0.02370288074016571,
      0.023361089080572127,
      0.022989561408758165,
      0.022654153034090997,
      0.022298926115036012,
      0.02204430103302002,
      0.02175551950931549,
      0.02153381109237671,
      0.021279226988554,
      0.02100956588983536,
      0.020819257572293283,
      0.020623179897665978,
      0.02043859101831913,
      0.02021649293601513,
      0.020038635283708573,
      0.019891998916864394,
      0.01971139423549175,
      0.01956535503268242,
      0.019419172406196596,
      0.01928388997912407,
      0.01917083337903023,
      0.019052866101264953,
      0.01896722912788391,
      0.018865856155753136,
      0.018766878917813302,
      0.01870175302028656,
      0.01863035149872303,
      0.01854811143130064,
      0.018486788123846055,
      0.018429625406861307,
      0.018381186947226524,
      0.018338624760508536,
      0.018293625861406326,
      0.018255701661109923,
      0.01822079047560692,
      0.018193118274211884,
      0.018168264254927634,
      0.018145620077848434,
      0.01813107542693615,
      0.018116345256567003,
      0.018106826394796372,
      0.018096977844834328,
      0.018090010434389115,
      0.01808522306382656,
      0.018081408739089967,
      0.018079229071736334,
      0.018078096210956573,
      0.018077680468559267
    ],
    "test_loss": [
      0.6501897573471069,
      0.5588527321815491,
      0.485125333070755,
      0.4556022584438324,
      0.4105354845523834,
      0.3927890956401825,
      0.37649890780448914,
      0.36740872263908386,
      0.3626701235771179,
      0.3583749234676361,
      0.3494388461112976,
      0.34203681349754333,
      0.34112784266471863,
      0.3416314721107483,
      0.34351852536201477,
      0.33973827958106995,
      0.3381001949310303,
      0.3380688726902008,
      0.3400839865207672,
      0.3413998484611511,
      0.338189959526062,
      0.33504045009613037,
      0.3348228633403778,
      0.338471919298172,
      0.3413880467414856,
      0.33807066082954407,
      0.3348773121833801,
      0.3348782956600189,
      0.33707326650619507,
      0.3375456631183624,
      0.3373940587043762,
      0.336047500371933,
      0.33511868119239807,
      0.334372341632843,
      0.3351428210735321,
      0.3347267210483551,
      0.3345169723033905,
      0.3342027962207794,
      0.3357633650302887,
      0.33554357290267944,
      0.33506596088409424,
      0.3352736234664917,
      0.33562326431274414,
      0.33634480834007263,
      0.337157279253006,
      0.3368094265460968,
      0.33640360832214355,
      0.33672258257865906,
      0.3362545073032379,
      0.33616724610328674,
      0.3363887667655945,
      0.33691641688346863,
      0.33664506673812866,
      0.335939884185791,
      0.33645492792129517,
      0.33673200011253357,
      0.336805135011673,
      0.33654800057411194,
      0.33697235584259033,
      0.3373325765132904,
      0.33730390667915344,
      0.3363818824291229,
      0.33588945865631104,
      0.33594682812690735,
      0.33637404441833496,
      0.33702701330184937,
      0.337919682264328,
      0.3382706344127655,
      0.33811259269714355,
      0.33772099018096924,
      0.33735767006874084,
      0.3372984230518341,
      0.33739227056503296,
      0.3377256691455841,
      0.3381137251853943,
      0.33819758892059326,
      0.33821186423301697,
      0.3379213511943817,
      0.33781057596206665,
      0.33785495162010193,
      0.33795279264450073,
      0.33789804577827454,
      0.3378136456012726,
      0.3377704322338104,
      0.3377995491027832,
      0.33788520097732544,
      0.33791160583496094,
      0.33796200156211853,
      0.337960422039032,
      0.3379221558570862,
      0.3378896713256836,
      0.3378646969795227,
      0.33785349130630493,
      0.33786270022392273,
      0.33786433935165405,
      0.33786481618881226,
      0.3378744125366211,
      0.3378795087337494,
      0.3378809094429016,
      0.337880939245224
    ],