{
  "dataset": "oxfordpets",
  "seed": 2,
  "shots": 16,
  "criterion": "kl",
  "epochs": 100,
  "lr": 0.001,
  "student": "vitb16",
  "api_queries_train": 592,
  "api_queries_test": 0,
  "primed_test_acc": {
    "test_kl": 0.8481875061988831,
    "train_kl": 0.8492777347564697,
    "last": 0.8492777347564697
  },
  "best_test_kl": 0.23406055569648743,
  "curves": {
    "train_loss": [
      2.1838891312882707,
      0.5454131864212655,
      0.27561623824609294,
      0.20073539260271434,
      0.15499071132492376,
      0.12604322183776545,
      0.10454487156223606,
      0.09128314176121273,
      0.08048986824783119,
      0.07171519503400133,
      0.06550714776322648,
      0.06001872176656852,
      0.05528203065733652,
      0.051012507564312706,
      0.047573359230080166,
      0.04450712977228938,
      0.04153953271137702,
      0.03917178551892977,
      0.03696599225136074,
      0.036122497674581165,
      0.03335269097540829,
      0.031520833034773134,
      0.0300319641828537,
      0.028760196439720487,
      0.027439316080228704,
      0.02619643016038714,
      0.02511932418958561,
      0.024357447501372646,
      0.023479590444145975,
      0.022765577745598717,
      0.02191254300241535,
      0.021271850309661916,
      0.020679859545182536,
      0.02009061230598269,
      0.019476208835840225,
      0.01901439728366362,
      0.018577949018091768,
      0.018053622714973783,
      0.01765361221859584,
      0.017262644562366848,
      0.016950527659139118,
      0.016541491690519695,
      0.016171375742635212,
      0.015923690579428867,
      0.015577363378896907,
      0.015295181473767435,
      0.01503395364695304,
      0.014750587628097148,
      0.014544483979006071,
      0.014352078725760048,
      0.014104537061742833,
      0.013936768109733993,
      0.013740778598632361,
      0.013540939151032551,
      0.013356656792598802,
      0.0132100331420834,
      0.013054932291443283,
      0.012890712634937183,
      0.012771899132309732,
      0.012638698231328177,
      0.012511814063465273,
      0.012400849294420835,
      0.012281660468795814,
      0.012170972478752201,
      0.012073274097732595,
      0.011993355243592648,
      0.011898680439067853,
      0.011817185006834366,
      0.011743585251875827,
      0.011660817280613087,
      0.01159150173535218,
      0.011524817981832736,
      0.01146904394231938,
      0.011414273843370579,
      0.011364380602498312,
      0.011323305098591623,
      0.011271879479691788,
      0.011229103632472657,
      0.011190413673584526,
      0.011153530002244422,
      0.011120070678156775,
      0.011089242189317136,
      0.011061682491689115,
      0.011037736879409971,
      0.011021764974135,
      0.011000985002799614,
      0.0109859317843173,
      0.010968755326561025,
      0.01095602981041412,
      0.010945380766045404,
      0.010936744259418669,
      0.010929630968619037,
      0.010923194724160272,
      0.010918186876822162,
      0.010914560759792457,
      0.010911935940384865,
      0.010910273303051252,
      0.01090909173158375,
      0.010908533164576904,
      0.010908317387204719
    ],
    "test_loss": [
      0.9375190138816833,
      0.4045415222644806,
      0.31232476234436035,
      0.28553634881973267,
      0.26421430706977844,
      0.2631276547908783,
      0.26092228293418884,
      0.25330743193626404,
      0.2537716329097748,
      0.2507060766220093,
      0.24857234954833984,
      0.2472681999206543,
      0.2429616004228592,
      0.24669697880744934,
      0.24184608459472656,
      0.24026049673557281,
      0.24097120761871338,
      0.23995213210582733,
      0.24066749215126038,
      0.23898838460445404,
      0.23887105286121368,
      0.23771114647388458,
      0.23882724344730377,
      0.23615118861198425,
      0.2366601824760437,
      0.23653124272823334,
      0.23613813519477844,
      0.23432451486587524,
      0.23604901134967804,
      0.23426589369773865,
      0.23545823991298676,
      0.2353588044643402,
      0.234355628490448,
      0.23491524159908295,
      0.2364584058523178,
      0.23492945730686188,
      0.2356880158185959,
      0.2351740300655365,
      0.23492485284805298,
      0.2346823811531067,
      0.23513579368591309,
      0.23468567430973053,
      0.23458345234394073,
      0.23485319316387177,
      0.23485492169857025,
      0.23458899557590485,
      0.23518161475658417,
      0.2342459261417389,
      0.23504319787025452,
      0.2341739386320114,
      0.23489165306091309,
      0.23476971685886383,
      0.23517203330993652,
      0.23442299664020538,
      0.23435616493225098,
      0.2350683957338333,
      0.2344309687614441,
      0.23494991660118103,
      0.2348080724477768,
      0.23433834314346313,
      0.23454295098781586,
      0.23460152745246887,
      0.23501017689704895,
      0.23440177738666534,
      0.2344948649406433,
      0.23467013239860535,
      0.23406055569648743,
      0.2344110906124115,
      0.23452948033809662,
      0.23420487344264984,
      0.23453763127326965,
      0.2344645857810974,
      0.23453666269779205,
      0.23424074053764343,
      0.23470842838287354,
      0.23450937867164612,
      0.23417221009731293,
      0.23470184206962585,
      0.23459966480731964,
      0.23437592387199402,
      0.2343958467245102,
      0.23448529839515686,
      0.23454709351062775,
      0.2344963252544403,
      0.23458293080329895,
      0.23462459444999695,
      0.23461104929447174,
      0.23452448844909668,
      0.23449642956256866,
      0.23451726138591766,
      0.2344459891319275,
      0.23444624245166779,
      0.23446641862392426,
      0.23449280858039856,
      0.23451204597949982,
      0.2345215231180191,
      0.23452186584472656,
      0.23452161252498627,
      0.2345212996006012,
      0.23452125489711761
    ],