{
  "dataset": "dtd",
  "seed": 0,
  "shots": 16,
  "criterion": "kl",
  "epochs": 100,
  "lr": 0.001,
  "student": "vitb16",
  "api_queries_train": 752,
  "api_queries_test": 1692,
  "primed_test_acc": {
    "test_kl": 0.39125296473503113,
    "train_kl": 0.38002362847328186,
    "last": 0.38002362847328186
  },
  "best_test_kl": 0.4983803331851959,
  "curves": {
    "train_loss": [
      1.4261854734826596,
      0.633636955251085,
      0.4148699831455312,
      0.3158283081460506,
      0.2562019748890654,
      0.2182833526996856,
      0.19095610113854103,
      0.17088070448408735,
      0.15532868086023532,
      0.1418585640952942,
      0.1317274142453011,
      0.12270815638785666,
      0.11497741937637329,
      0.10857838931235861,
      0.10264370495334585,
      0.0977094328783928,
      0.09314046039226208,
      0.0890513945450174,
      0.08517461951742782,
      0.08197425496070943,
      0.0788852574026331,
      0.07579640203968008,
      0.07321621858059092,
      0.07064922058835943,
      0.06857262250590831,
      0.06672112168149745,
      0.06443817105065001,
      0.06285854064403697,
      0.06120972850538315,
      0.05934662498692249,
      0.05844419275192504,
      0.05722452612950447,
      0.05595573719511641,
      0.05489542779136211,
      0.05369758962633762,
      0.052320893299072344,
      0.05109795674364617,
      0.05003578913338641,
      0.049127061316307556,
      0.04812412930929914,
      0.04710784269140122,
      0.04639091200016914,
      0.04559947011318612,
      0.04482758306759469,
      0.0442309595168905,
      0.043472907327591105,
      0.04297938689272454,
      0.04240065797212276,
      0.04187229006214345,
      0.041349852100965825,
      0.04073358628344029,
      0.040199506314511,
      0.03977397575657418,
      0.03937573271228912,
      0.03888957107320745,
      0.03848435951674238,
      0.03814214261922431,
      0.037769122802196665,
      0.03739065581813772,
      0.03710893636688273,
      0.0368026705815437,
      0.036477680615288145,
      0.036202627610653,
      0.03595921524027561,
      0.03571220487356186,
      0.035457780545062205,
      0.0352482962164473,
      0.035055513394639845,
      0.03485182537994486,
      0.03465482497468908,
      0.034447778491897785,
      0.03431568072831377,
      0.034149047542125624,
      0.03401159296961541,
      0.033876931096645115,
      0.033742473639072255,
      0.03362581419183853,
      0.03353066916795487,
      0.0334191972270925,
      0.033328494730782005,
      0.03324222247651283,
      0.03317749944139034,
      0.03309665667883893,
      0.033032861241000765,
      0.03297295270765081,
      0.03291826386083948,
      0.03287137600969761,
      0.0328311783836243,
      0.0327972522441377,
      0.032765835880282076,
      0.03273885744683286,
      0.03271843207643387,
      0.032697565536549754,
      0.0326832743718269,
      0.03267201598971448,
      0.032662825857071164,
      0.032656948617164124,
      0.032652250788313276,
      0.032649962865608805,
      0.03264877231831246
    ],
    "test_loss": [
      0.941943883895874,
      0.6621369123458862,
      0.584714949131012,
      0.5585200786590576,
      0.5383442044258118,
      0.5244545936584473,
      0.5197333097457886,
      0.512549638748169,
      0.5091888904571533,
      0.5071349143981934,
      0.5054468512535095,
      0.5030384063720703,
      0.5020001530647278,
      0.5014171004295349,
      0.5000431537628174,
      0.4989677369594574,
      0.5002424120903015,
      0.4985668957233429,
      0.4998767077922821,
      0.49840089678764343,
      0.49870923161506653,
      0.4983803331851959,
      0.4999450147151947,
      0.499414324760437,
      0.49979367852211,
      0.500383734703064,
      0.5016974210739136,
      0.5006734728813171,
      0.5023101568222046,
      0.5018285512924194,
      0.5030875205993652,
      0.5038140416145325,
      0.5039522051811218,
      0.5061115026473999,
      0.5051854252815247,
      0.5051966905593872,
      0.5067920088768005,
      0.5073568224906921,
      0.5067719221115112,
      0.5088882446289062,
      0.5084174871444702,
      0.5100963115692139,
      0.5094149112701416,
      0.5104072093963623,
      0.5110476016998291,
      0.5121374726295471,
      0.5113338828086853,
      0.5128003358840942,
      0.5123001933097839,
      0.5142821073532104,
      0.5132203698158264,
      0.5143739581108093,
      0.515355110168457,
      0.5150769948959351,
      0.5159250497817993,
      0.516547441482544,
      0.5165877342224121,
      0.5166416168212891,
      0.5176708102226257,
      0.5176724195480347,
      0.5179316401481628,
      0.5184538960456848,
      0.5187615752220154,
      0.5190092325210571,
      0.5194510817527771,
      0.5196307897567749,
      0.5198301672935486,
      0.5204721093177795,
      0.5203754901885986,
      0.5208399891853333,
      0.5210705399513245,
      0.5211395025253296,
      0.5214587450027466,
      0.5215789079666138,
      0.5217517018318176,
      0.5219892859458923,
      0.5220313668251038,
      0.5222181081771851,
      0.5224345326423645,
      0.5224252343177795,
      0.5225081443786621,
      0.5226384401321411,
      0.5228270888328552,
      0.5228124856948853,
      0.5229411125183105,
      0.5229649543762207,
      0.5229700207710266,
      0.5230339765548706,
      0.5231439471244812,
      0.5231984257698059,
      0.5232091546058655,
      0.5232005715370178,
      0.5232217907905579,
      0.5232346057891846,
      0.5232623219490051,
      0.5232707858085632,
      0.5232680439949036,
      0.5232709050178528,
      0.5232720971107483,
      0.5232719779014587
    ],