{
  "dataset": "eurosat",
  "seed": 1,
  "shots": 16,
  "criterion": "kl",
  "epochs": 100,
  "lr": 0.001,
  "student": "vitb16",
  "api_queries_train": 160,
  "api_queries_test": 0,
  "primed_test_acc": {
    "test_kl": 0.46222221851348877,
    "train_kl": 0.46086418628692627,
    "last": 0.46086418628692627
  },
  "best_test_kl": 0.3399750888347626,
  "curves": {
    "train_loss": [
      0.942227053642273,
      0.5949744820594788,
      0.444545978307724,
      0.3258965671062469,
      0.25948699116706847,
      0.23314258456230164,
      0.20536450445652008,
      0.17885965704917908,
      0.16214858889579772,
      0.1400340974330902,
      0.126564684510231,
      0.11363392919301987,
      0.10451348125934601,
      0.09597549587488174,
      0.08818010687828064,
      0.08220748156309128,
      0.07605689316987992,
      0.07121823579072953,
      0.06721358150243759,
      0.06354565471410752,
      0.060115781426429746,
      0.057041434943675993,
      0.05471389070153236,
      0.05211808830499649,
      0.05015325248241424,
      0.04814372956752777,
      0.0460747130215168,
      0.04425127878785133,
      0.04266389310359955,
      0.041440147906541824,
      0.039818063378334045,
      0.03850876465439797,
      0.037115933001041414,
      0.0360855795443058,
      0.03504716455936432,
      0.03406523242592811,
      0.03315569795668125,
      0.03214660361409187,
      0.03136810287833214,
      0.030709560960531235,
      0.02990127056837082,
      0.02928321287035942,
      0.028501640632748605,
      0.02784666419029236,
      0.02724544033408165,
      0.02672603689134121,
      0.026161772757768632,
      0.02568376138806343,
      0.025203120335936545,
      0.024896804243326187,
      0.02432807385921478,
      0.023907684534788132,
      0.02353348061442375,
      0.02319582477211952,
      0.02284681722521782,
      0.022535859420895577,
      0.022190552204847336,
      0.021909286826848985,
      0.021678683906793596,
      0.021342752128839494,
      0.021155668422579765,
      0.020903170853853226,
      0.020649870857596397,
      0.02043468728661537,
      0.02021925151348114,
      0.02005472369492054,
      0.019879309087991716,
      0.019676921516656877,
      0.019566334784030914,
      0.01939852312207222,
      0.019248897582292555,
      0.01913890726864338,
      0.01900545060634613,
      0.01889217458665371,
      0.018786148726940156,
      0.018684157356619834,
      0.01860579811036587,
      0.018529967963695528,
      0.0184423316270113,
      0.018374493718147276,
      0.018309206515550614,
      0.018257447332143784,
      0.01820251941680908,
      0.01815572418272495,
      0.018114636093378066,
      0.018077794834971427,
      0.01804969906806946,
      0.018021195009350777,
      0.017991752177476884,
      0.017974347807466984,
      0.017955279722809792,
      0.017939267307519914,
      0.017926950007677078,
      0.017918300256133078,
      0.01791159510612488,
      0.017906142771244048,
      0.017902171611785887,
      0.017899764515459538,
      0.017898643389344215,
      0.017898251488804817
    ],
    "test_loss": [
      0.692118227481842,
      0.593639612197876,
      0.4928268492221832,
      0.4260777235031128,
      0.40390893816947937,
      0.3921370804309845,
      0.3763543367385864,
      0.3703322112560272,
      0.36098822951316833,
      0.35702529549598694,
      0.35322368144989014,
      0.3479064106941223,
      0.3457881808280945,
      0.34746459126472473,
      0.34920981526374817,
      0.3473156690597534,
      0.34348759055137634,
      0.3416327238082886,
      0.3419210910797119,
      0.34142324328422546,
      0.34182092547416687,
      0.3414480984210968,
      0.34257936477661133,
      0.34202203154563904,
      0.34171411395072937,
      0.34023016691207886,
      0.34097710251808167,
      0.34163200855255127,
      0.34203794598579407,
      0.3428519368171692,
      0.3402469754219055,
      0.3399750888347626,
      0.3412359654903412,
      0.34266650676727295,
      0.3425658941268921,
      0.3415044844150543,
      0.34299299120903015,
      0.3446755111217499,
      0.3444102108478546,
      0.34317901730537415,
      0.34419819712638855,
      0.344851016998291,
      0.34455373883247375,
      0.34382325410842896,
      0.34360992908477783,
      0.3438009023666382,
      0.34448134899139404,
      0.34508851170539856,
      0.34547993540763855,
      0.3457548916339874,
      0.3447926938533783,
      0.3446429967880249,
      0.3450244665145874,
      0.34562668204307556,
      0.3460391163825989,
      0.34661367535591125,
      0.34635505080223083,
      0.346481055021286,
      0.3464908301830292,
      0.3473404347896576,
      0.34782320261001587,
      0.3474941551685333,
      0.34695184230804443,
      0.34684306383132935,
      0.3470110595226288,
      0.3473401367664337,
      0.34772369265556335,
      0.3478335738182068,
      0.34777703881263733,
      0.3478127419948578,
      0.34806808829307556,
      0.34834834933280945,
      0.3484190106391907,
      0.3485625982284546,
      0.3484938144683838,
      0.34834563732147217,
      0.34810978174209595,
      0.3480287790298462,
      0.347934752702713,
      0.34797796607017517,
      0.348214328289032,
      0.3483203649520874,
      0.34839487075805664,
      0.34835749864578247,
      0.34828150272369385,
      0.34820982813835144,
      0.34821152687072754,
      0.34822332859039307,
      0.34825265407562256,
      0.34832435846328735,
      0.3483786880970001,
      0.34840819239616394,
      0.348440557718277,
      0.3484574258327484,
      0.34846824407577515,
      0.3484654724597931,
      0.34846311807632446,
      0.34846341609954834,
      0.34846222400665283,
      0.34846192598342896
    ],