{
  "dataset": "oxfordpets",
  "seed": 0,
  "shots": 16,
  "criterion": "kl",
  "epochs": 100,
  "lr": 0.001,
  "student": "vitb16",
  "api_queries_train": 592,
  "api_queries_test": 3669,
  "primed_test_acc": {
    "test_kl": 0.8689016103744507,
    "train_kl": 0.8675388097763062,
    "last": 0.8675388097763062
  },
  "best_test_kl": 0.22018906474113464,
  "curves": {
    "train_loss": [
      2.1731191454706966,
      0.5366892041386785,
      0.2567583838024655,
      0.1797780483155637,
      0.14017602096538287,
      0.11621149206483686,
      0.09612773509847151,
      0.08283155109431292,
      0.07319924738761541,
      0.0655807768170898,
      0.05900926052315815,
      0.05436407754550109,
      0.04999170311399408,
      0.0458376319021792,
      0.04298734604506879,
      0.04047176241874695,
      0.038005447568925654,
      0.03522249502507416,
      0.03313424629536835,
      0.031062949750874494,
      0.029689032886479352,
      0.028164146468043327,
      0.026870604403115606,
      0.025878775059371383,
      0.024499310885329504,
      0.023641302577547124,
      0.022601014355549943,
      0.02179232149108036,
      0.021076174855634972,
      0.020335005545938336,
      0.019722519392097317,
      0.0191645827647802,
      0.018491993381364924,
      0.018026498423234838,
      0.017585537924959854,
      0.01710296027060296,
      0.016673259940501804,
      0.01626425392523005,
      0.015837099805877015,
      0.01554413018999873,
      0.015195128180690715,
      0.01493547866876061,
      0.01463695046668117,
      0.01429353140898653,
      0.01404113503726753,
      0.01382921912984268,
      0.01365112347175946,
      0.013402910147969788,
      0.013170356736392589,
      0.012964403634337155,
      0.012767404292684954,
      0.012609654810984392,
      0.012427799781230656,
      0.012244110373226372,
      0.012108714193911166,
      0.011945891924001075,
      0.011817972402314882,
      0.011694118078496005,
      0.011567297114713772,
      0.011444214177695481,
      0.011347471610517116,
      0.01123873859241202,
      0.011128402239567525,
      0.01103202923125512,
      0.010959088600970604,
      0.010866654256509768,
      0.010790628469171556,
      0.010720340937778756,
      0.010662289009102294,
      0.010600272918472419,
      0.01053005175010578,
      0.010479137729349974,
      0.010419184593735514,
      0.010372975564284905,
      0.01032348007366464,
      0.01028019013638432,
      0.010243589511594257,
      0.010203121179664458,
      0.010169020602227869,
      0.010139241109828692,
      0.010107883831133714,
      0.010082250410640562,
      0.01006030709155508,
      0.010037631501217146,
      0.010020033179505452,
      0.010002862133488461,
      0.009989321710088768,
      0.009975969388678268,
      0.009965607242004291,
      0.00995601758964964,
      0.009947217270933293,
      0.009941545088548918,
      0.009935360200501777,
      0.009931231572015866,
      0.009928139304188458,
      0.009925768584818454,
      0.00992442327677398,
      0.009923315179106352,
      0.009922769726128192,
      0.00992257208437533
    ],
    "test_loss": [
      0.9393503665924072,
      0.3999696671962738,
      0.3141179382801056,
      0.28355541825294495,
      0.2720879018306732,
      0.26629507541656494,
      0.2590124309062958,
      0.2549889087677002,
      0.24835465848445892,
      0.24803298711776733,
      0.24405121803283691,
      0.24389095604419708,
      0.23821330070495605,
      0.2387535274028778,
      0.23435921967029572,
      0.23798304796218872,
      0.23163355886936188,
      0.23480971157550812,
      0.23060382902622223,
      0.23093335330486298,
      0.2295781522989273,
      0.22889748215675354,
      0.22843633592128754,
      0.22732679545879364,
      0.22809261083602905,
      0.2265043407678604,
      0.22714033722877502,
      0.22616417706012726,
      0.22561483085155487,
      0.2254122793674469,
      0.2239324152469635,
      0.22594638168811798,
      0.22348350286483765,
      0.22483482956886292,
      0.2219822108745575,
      0.22449025511741638,
      0.2228502780199051,
      0.2231408655643463,
      0.22221000492572784,
      0.2225448489189148,
      0.22203950583934784,
      0.22253721952438354,
      0.22260528802871704,
      0.22184152901172638,
      0.22180421650409698,
      0.2216879427433014,
      0.2227013111114502,
      0.2212771326303482,
      0.22193565964698792,
      0.22193263471126556,
      0.22115349769592285,
      0.221615731716156,
      0.22169043123722076,
      0.22145217657089233,
      0.2213081270456314,
      0.2213495820760727,
      0.22118113934993744,
      0.221054807305336,
      0.22099944949150085,
      0.22113962471485138,
      0.22076767683029175,
      0.2209090292453766,
      0.22096899151802063,
      0.22096329927444458,
      0.22070235013961792,
      0.22075523436069489,
      0.2205507755279541,
      0.22079777717590332,
      0.22033454477787018,
      0.22072036564350128,
      0.2206690013408661,
      0.22018906474113464,
      0.22063611447811127,
      0.22055740654468536,
      0.2204791009426117,
      0.22040727734565735,
      0.2203136682510376,
      0.2204786092042923,
      0.2205338031053543,
      0.2205219268798828,
      0.22035092115402222,
      0.22036851942539215,
      0.22041228413581848,
      0.22042067348957062,
      0.22039656341075897,
      0.22036270797252655,
      0.22035528719425201,
      0.22032499313354492,
      0.2203107625246048,
      0.22030270099639893,
      0.22029325366020203,
      0.22030943632125854,
      0.22030343115329742,
      0.2202886939048767,
      0.22027689218521118,
      0.2202696055173874,
      0.2202688306570053,
      0.22026710212230682,
      0.22026818990707397,
      0.22026848793029785
    ],