{
  "dataset": "oxfordpets",
  "seed": 1,
  "shots": 16,
  "criterion": "kl",
  "epochs": 100,
  "lr": 0.001,
  "student": "vitb16",
  "api_queries_train": 592,
  "api_queries_test": 0,
  "primed_test_acc": {
    "test_kl": 0.8653584122657776,
    "train_kl": 0.8656309247016907,
    "last": 0.8656309247016907
  },
  "best_test_kl": 0.21671321988105774,
  "curves": {
    "train_loss": [
      2.1386294526022835,
      0.5288269737282315,
      0.2539467859912563,
      0.1803445405251271,
      0.13997035574268651,
      0.11419320328010095,
      0.09899407625198364,
      0.08651073085697922,
      0.07618050820924141,
      0.06807302975574055,
      0.061667882711500734,
      0.05669568690496522,
      0.051792298217077516,
      0.047514949295971845,
      0.04362588204644822,
      0.040145567542797814,
      0.0375298993611658,
      0.03625472554483929,
      0.034785361457112675,
      0.03220569151076111,
      0.030231962634904963,
      0.028648657069818395,
      0.02715472031284023,
      0.026015022819912113,
      0.024852024491977046,
      0.023962882020183512,
      0.023067629216490564,
      0.022079852686540502,
      0.021150123982413394,
      0.02033153080658333,
      0.019680522231234086,
      0.019013766098666837,
      0.0185963397191183,
      0.018036294325783447,
      0.017576007826908213,
      0.017098603820478595,
      0.016630689235957893,
      0.016250826619766855,
      0.015942082564170297,
      0.015589582305904981,
      0.015239265168438086,
      0.014864151793959978,
      0.0145757196068361,
      0.014291168165368002,
      0.014050172390164557,
      0.013762560975108598,
      0.013531432185019995,
      0.013341038261313696,
      0.013121283562803591,
      0.01292521584577657,
      0.012726207641330926,
      0.012560646074849207,
      0.012371195958474197,
      0.012221234070288169,
      0.012035755390251006,
      0.01188408218424868,
      0.011771924340644398,
      0.011638888862688799,
      0.011515528013980066,
      0.011382996029145009,
      0.011288756756363687,
      0.011179486616841844,
      0.011072196620138915,
      0.010988839776129336,
      0.010894255737799246,
      0.010815636531726734,
      0.01073572044638363,
      0.01065975582428478,
      0.01059275326897969,
      0.010523519277371265,
      0.010467325035180594,
      0.010417221164381181,
      0.010356931041019994,
      0.010306985444716504,
      0.010256609577383544,
      0.010212738570329305,
      0.010176981346228638,
      0.010138868983532931,
      0.010107690971848127,
      0.010075470847958649,
      0.010045668034738785,
      0.01002009995785114,
      0.009995337349136133,
      0.009972933025376217,
      0.009956606537909122,
      0.009940659929368947,
      0.009925106238271739,
      0.009912454548317034,
      0.009899940794786892,
      0.009890923830302985,
      0.009882181731832994,
      0.009875937541191643,
      0.009870423910182875,
      0.009866378144235225,
      0.009863420767155854,
      0.009860965221918918,
      0.009859459525024568,
      0.009858442445260447,
      0.009857877258312059,
      0.00985766584808762
    ],
    "test_loss": [
      0.8988428711891174,
      0.3910020887851715,
      0.3087919056415558,
      0.27905669808387756,
      0.26829999685287476,
      0.25649920105934143,
      0.25228044390678406,
      0.25533953309059143,
      0.24615971744060516,
      0.2438667118549347,
      0.24270489811897278,
      0.2408306747674942,
      0.23712947964668274,
      0.23914821445941925,
      0.2341926395893097,
      0.2346249669790268,
      0.23179341852664948,
      0.233455091714859,
      0.2297525256872177,
      0.23177632689476013,
      0.22714462876319885,
      0.22943568229675293,
      0.22682256996631622,
      0.22702357172966003,
      0.22549156844615936,
      0.2267422378063202,
      0.2242358773946762,
      0.2258191853761673,
      0.22328096628189087,
      0.22416770458221436,
      0.22242629528045654,
      0.2232983261346817,
      0.2226654291152954,
      0.2218479961156845,
      0.22168228030204773,
      0.2217320203781128,
      0.22100748121738434,
      0.2210807353258133,
      0.2209956794977188,
      0.22063493728637695,
      0.21963119506835938,
      0.220439612865448,
      0.2194311022758484,
      0.21981269121170044,
      0.21943268179893494,
      0.21935956180095673,
      0.21851398050785065,
      0.21916794776916504,
      0.2187991440296173,
      0.21848690509796143,
      0.21853691339492798,
      0.2186758816242218,
      0.21798758208751678,
      0.21861301362514496,
      0.21807894110679626,
      0.2179151475429535,
      0.2178530991077423,
      0.21798841655254364,
      0.21759377419948578,
      0.21764765679836273,
      0.21754854917526245,
      0.21749019622802734,
      0.21746285259723663,
      0.21749936044216156,
      0.21752020716667175,
      0.21735630929470062,
      0.21726863086223602,
      0.2174229621887207,
      0.21732468903064728,
      0.21723966300487518,
      0.21716080605983734,
      0.21697519719600677,
      0.2171628475189209,
      0.21696369349956512,
      0.21702103316783905,
      0.21698607504367828,
      0.21701647341251373,
      0.21680401265621185,
      0.21688823401927948,
      0.21689161658287048,
      0.21685756742954254,
      0.21687597036361694,
      0.2168639749288559,
      0.21684840321540833,
      0.21679164469242096,
      0.21671321988105774,
      0.21676908433437347,
      0.21676620841026306,
      0.21681123971939087,
      0.21683403849601746,
      0.21683412790298462,
      0.21683074533939362,
      0.2168000340461731,
      0.21677832305431366,
      0.2167702168226242,
      0.21676702797412872,
      0.21676960587501526,
      0.21677210927009583,
      0.21677295863628387,
      0.2167729288339615
    ],