{
  "dataset": "dtd",
  "seed": 1,
  "shots": 16,
  "criterion": "kl",
  "epochs": 100,
  "lr": 0.001,
  "student": "vitb16",
  "api_queries_train": 752,
  "api_queries_test": 0,
  "primed_test_acc": {
    "test_kl": 0.3995271921157837,
    "train_kl": 0.3894799053668976,
    "last": 0.3894799053668976
  },
  "best_test_kl": 0.4851202070713043,
  "curves": {
    "train_loss": [
      1.4663052254534783,
      0.64750459853639,
      0.41641226030410605,
      0.31793137433681085,
      0.2592040287687423,
      0.22078532012219124,
      0.1932271497046694,
      0.17368372830938786,
      0.15749699289494373,
      0.14464165238623924,
      0.1343240240152846,
      0.12503982351181356,
      0.1172043522621723,
      0.11094400033037713,
      0.10504945034676409,
      0.0990398274140155,
      0.09450507576161242,
      0.09018221465831107,
      0.08619181177717575,
      0.08297900205596964,
      0.08003622388586085,
      0.0773581307619176,
      0.07477010659714962,
      0.07231500427773659,
      0.07013904128937011,
      0.06796328755135232,
      0.06769656191797967,
      0.06427207652558671,
      0.06334829584081123,
      0.060781257900785896,
      0.0590975728440792,
      0.058040921199829024,
      0.05694343530117197,
      0.05543947346667026,
      0.05498723463809237,
      0.05348653869425997,
      0.051898775899663886,
      0.05130919164165537,
      0.050803337404702574,
      0.04973258521962673,
      0.049011294591300034,
      0.04809449771617321,
      0.047028311072511875,
      0.04608436689731923,
      0.045382666778057176,
      0.0446322962166147,
      0.04401010346222431,
      0.043419009272722485,
      0.042941368719998825,
      0.04238595995814242,
      0.04187793649257498,
      0.04148874804377556,
      0.04097544068985797,
      0.040489919959230625,
      0.040092555845671514,
      0.03973296704761525,
      0.039334256122721005,
      0.03895362030635489,
      0.03866811001554449,
      0.038343939850939084,
      0.038024847336271976,
      0.03775394010417005,
      0.03748962917226426,
      0.03719420723141508,
      0.03699299360209323,
      0.03675968152411441,
      0.03656845151426944,
      0.036321110706380076,
      0.036135983910966424,
      0.03593100742139715,
      0.03576523707585132,
      0.035592641998478704,
      0.03545937671306285,
      0.03530431919275446,
      0.035174494490344474,
      0.03504637961691998,
      0.03492815126764014,
      0.03481026485245278,
      0.03471347990822285,
      0.03462053740278204,
      0.03453604536170655,
      0.03446546727989582,
      0.03439378690846423,
      0.034330301303812795,
      0.034273360320862305,
      0.03422098686086371,
      0.03417025415345709,
      0.034129935613972075,
      0.034094699361222856,
      0.034061372161228606,
      0.034039014672979394,
      0.03401587649862817,
      0.03399713947734934,
      0.03398097369899141,
      0.03396978403659577,
      0.03396080252020917,
      0.03395463256759847,
      0.0339501587317345,
      0.033947730318028876,
      0.03394657413059093
    ],
    "test_loss": [
      0.9758909940719604,
      0.6752987504005432,
      0.5917468667030334,
      0.5573603510856628,
      0.5365328788757324,
      0.5237683057785034,
      0.5156538486480713,
      0.5061323046684265,
      0.5028327703475952,
      0.4993329346179962,
      0.4946148991584778,
      0.49418824911117554,
      0.49167951941490173,
      0.4901517629623413,
      0.48911598324775696,
      0.4873473346233368,
      0.48621416091918945,
      0.48582562804222107,
      0.48643678426742554,
      0.485164612531662,
      0.4851202070713043,
      0.48625022172927856,
      0.4856612980365753,
      0.48573678731918335,
      0.48536136746406555,
      0.4862110912799835,
      0.4863467514514923,
      0.4868009686470032,
      0.48706358671188354,
      0.4874074459075928,
      0.4872647523880005,
      0.4882011413574219,
      0.48827987909317017,
      0.4888804852962494,
      0.48954546451568604,
      0.48984962701797485,
      0.4911229610443115,
      0.4905751049518585,
      0.4924328029155731,
      0.49104738235473633,
      0.4937368929386139,
      0.492204874753952,
      0.4942585527896881,
      0.4938439726829529,
      0.49427950382232666,
      0.49484992027282715,
      0.4952397048473358,
      0.4960445761680603,
      0.4962538480758667,
      0.4970747232437134,
      0.49729347229003906,
      0.4983591139316559,
      0.4982539415359497,
      0.4987720847129822,
      0.4992326498031616,
      0.499475359916687,
      0.500210702419281,
      0.5003373622894287,
      0.5011146664619446,
      0.5011688470840454,
      0.5018135905265808,
      0.5022605657577515,
      0.5023689866065979,
      0.5027188062667847,
      0.5031455159187317,
      0.5033081769943237,
      0.503716766834259,
      0.5038238167762756,
      0.5040866732597351,
      0.5043637156486511,
      0.5045629739761353,
      0.5048553943634033,
      0.5049484968185425,
      0.5053570866584778,
      0.5052734613418579,
      0.5055580735206604,
      0.50567227602005,
      0.5059207081794739,
      0.505935788154602,
      0.5061838030815125,
      0.5061992406845093,
      0.5062705278396606,
      0.5063561797142029,
      0.506551206111908,
      0.5066017508506775,
      0.5066394209861755,
      0.5067114233970642,
      0.5067802667617798,
      0.5068192481994629,
      0.5068336725234985,
      0.5068575143814087,
      0.5069137215614319,
      0.506929337978363,
      0.5069500803947449,
      0.5069563984870911,
      0.5069557428359985,
      0.5069601535797119,
      0.5069640278816223,
      0.5069648623466492,
      0.506964921951294
    ],