{
  "dataset": "svhn",
  "seed": 1,
  "shots": 16,
  "criterion": "kl",
  "epochs": 100,
  "lr": 0.001,
  "student": "vitb16",
  "api_queries_train": 160,
  "api_queries_test": 0,
  "primed_test_acc": {
    "test_kl": 0.07598340511322021,
    "train_kl": 0.07840350270271301,
    "last": 0.07840350270271301
  },
  "best_test_kl": 0.23474976420402527,
  "curves": {
    "train_loss": [
      0.6118386387825012,
      0.35049150586128236,
      0.3264941155910492,
      0.25527792870998384,
      0.2266286075115204,
      0.17317436933517455,
      0.15819804668426513,
      0.1572501003742218,
      0.12845999896526336,
      0.11812377870082855,
      0.11246446669101715,
      0.1016627460718155,
      0.09210530519485474,
      0.08732841908931732,
      0.08263598680496216,
      0.0774627983570099,
      0.07188234627246856,
      0.06958674788475036,
      0.06608359962701797,
      0.061878930777311325,
      0.05967736393213272,
      0.056952203810215,
      0.05436056554317474,
      0.052106233686208724,
      0.05046959519386292,
      0.04880737513303757,
      0.046857723593711854,
      0.04544029012322426,
      0.04364167451858521,
      0.04246480911970139,
      0.04116707146167755,
      0.039892112463712694,
      0.03859989643096924,
      0.03763533234596252,
      0.03656610995531082,
      0.03559408187866211,
      0.03471352308988571,
      0.033970803022384644,
      0.033158595114946364,
      0.03237898275256157,
      0.03167713060975075,
      0.031016642600297926,
      0.030376223847270012,
      0.02973479703068733,
      0.029261254519224168,
      0.02856968194246292,
      0.028096055239439012,
      0.02760661467909813,
      0.02716041952371597,
      0.026684507727622986,
      0.02641403079032898,
      0.025924777239561082,
      0.025621987134218215,
      0.025097542256116868,
      0.02482544593513012,
      0.024550936371088027,
      0.024157392978668212,
      0.023793378472328187,
      0.02351815290749073,
      0.023230884596705435,
      0.022954726219177247,
      0.022771404683589937,
      0.02245309352874756,
      0.02227396219968796,
      0.02207179367542267,
      0.021863170340657233,
      0.02173172142356634,
      0.021583911031484604,
      0.021306002885103224,
      0.021144004166126253,
      0.02112109661102295,
      0.020941679179668427,
      0.020753634348511695,
      0.020666104555130006,
      0.020624546706676482,
      0.020479928702116013,
      0.020377666503190995,
      0.020292634144425392,
      0.020194995403289794,
      0.020133288204669954,
      0.020045355707407,
      0.02001711502671242,
      0.019925564527511597,
      0.01989258863031864,
      0.01984071247279644,
      0.019802433624863624,
      0.019770986586809158,
      0.01973676010966301,
      0.019707243889570236,
      0.019686592742800713,
      0.019664315134286882,
      0.019649987295269965,
      0.019638531282544135,
      0.019627168029546737,
      0.01962050572037697,
      0.019614966213703157,
      0.019610533118247987,
      0.019608452171087264,
      0.019607088714838027,
      0.01960647702217102
    ],
    "test_loss": [
      0.3705717623233795,
      0.4291646182537079,
      0.3629624545574188,
      0.3269769251346588,
      0.28087079524993896,
      0.26173460483551025,
      0.27468717098236084,
      0.2571823000907898,
      0.2558630406856537,
      0.26011529564857483,
      0.25056082010269165,
      0.2423793375492096,
      0.24036818742752075,
      0.24026478826999664,
      0.23647990822792053,
      0.23715582489967346,
      0.24247044324874878,
      0.2422378808259964,
      0.23660482466220856,
      0.23557168245315552,
      0.2361534982919693,
      0.23474976420402527,
      0.23688305914402008,
      0.23887203633785248,
      0.23800262808799744,
      0.23598302900791168,
      0.23707780241966248,
      0.23844517767429352,
      0.23639148473739624,
      0.23670625686645508,
      0.23869560658931732,
      0.23856069147586823,
      0.23892603814601898,
      0.2386763095855713,
      0.2394544929265976,
      0.23890544474124908,
      0.23941992223262787,
      0.2393459528684616,
      0.23953893780708313,
      0.24038320779800415,
      0.23957344889640808,
      0.23944562673568726,
      0.24097876250743866,
      0.24130477011203766,
      0.24065159261226654,
      0.24143877625465393,
      0.241309255361557,
      0.24084287881851196,
      0.24079105257987976,
      0.24220895767211914,
      0.24267831444740295,
      0.24285252392292023,
      0.24278981983661652,
      0.24257822334766388,
      0.24358908832073212,
      0.24301598966121674,
      0.24279595911502838,
      0.24223658442497253,
      0.24224023520946503,
      0.24263650178909302,
      0.24358536303043365,
      0.2436627894639969,
      0.24283535778522491,
      0.24262116849422455,
      0.24321475625038147,
      0.244384303689003,
      0.24451538920402527,
      0.2436973750591278,
      0.24338290095329285,
      0.24337120354175568,
      0.24334484338760376,
      0.24412420392036438,
      0.24475359916687012,
      0.24486209452152252,
      0.24445319175720215,
      0.24406063556671143,
      0.24396392703056335,
      0.24420636892318726,
      0.24429064989089966,
      0.2444358617067337,
      0.24453875422477722,
      0.24462458491325378,
      0.2446855902671814,
      0.2445971667766571,
      0.24459919333457947,
      0.24467961490154266,
      0.24468109011650085,
      0.24464571475982666,
      0.24457986652851105,
      0.24455319344997406,
      0.2445220649242401,
      0.24447084963321686,
      0.2444491982460022,
      0.24444296956062317,
      0.2444508969783783,
      0.24446697533130646,
      0.24448248744010925,
      0.2444925606250763,
      0.24449576437473297,
      0.24449600279331207
    ],