{
  "dataset": "svhn",
  "seed": 2,
  "shots": 16,
  "criterion": "kl",
  "epochs": 100,
  "lr": 0.001,
  "student": "vitb16",
  "api_queries_train": 160,
  "api_queries_test": 0,
  "primed_test_acc": {
    "test_kl": 0.07932544499635696,
    "train_kl": 0.08147664368152618,
    "last": 0.08147664368152618
  },
  "best_test_kl": 0.22990453243255615,
  "curves": {
    "train_loss": [
      0.49070091247558595,
      0.33231340646743773,
      0.2699714958667755,
      0.23252828121185304,
      0.21072661876678467,
      0.16088371574878693,
      0.14982601404190063,
      0.13805978894233703,
      0.12415433675050735,
      0.10945543944835663,
      0.10202710777521133,
      0.09379028975963592,
      0.08894778639078141,
      0.08178542703390121,
      0.0764849379658699,
      0.07243222296237946,
      0.06814740300178528,
      0.06326714009046555,
      0.06133444756269455,
      0.05792979001998901,
      0.05539216995239258,
      0.05250467360019684,
      0.05122203901410103,
      0.048494932055473325,
      0.0469356968998909,
      0.04498961269855499,
      0.043952012062072755,
      0.041647205501794814,
      0.04121203124523163,
      0.03919113725423813,
      0.03823944181203842,
      0.03698469996452332,
      0.035917050391435626,
      0.035029785335063936,
      0.03402903117239475,
      0.03299692757427693,
      0.03198550939559937,
      0.031283529847860335,
      0.03064456433057785,
      0.02971004545688629,
      0.029063864052295683,
      0.028401033580303194,
      0.02773519828915596,
      0.027121659740805625,
      0.026723137497901915,
      0.026080727577209473,
      0.02552622780203819,
      0.02506394311785698,
      0.02455219328403473,
      0.024307302385568618,
      0.023846985027194022,
      0.023502191156148912,
      0.02302921563386917,
      0.02267664298415184,
      0.022327282652258872,
      0.02199772894382477,
      0.021675076335668564,
      0.021441932208836077,
      0.021142733842134477,
      0.020934274420142174,
      0.020682911947369577,
      0.02040872387588024,
      0.02016492672264576,
      0.02000233232975006,
      0.01979831010103226,
      0.019581878557801247,
      0.019403526932001113,
      0.019227561354637147,
      0.019090089201927184,
      0.018972685933113097,
      0.01884443387389183,
      0.01874139979481697,
      0.018592743575572966,
      0.018443116918206215,
      0.018413542956113815,
      0.018308057636022567,
      0.01817285716533661,
      0.018095453456044196,
      0.018046810850501062,
      0.017965701594948768,
      0.01789252907037735,
      0.017821330949664115,
      0.017761607095599173,
      0.01771564893424511,
      0.017676913738250734,
      0.01763596571981907,
      0.017601367831230164,
      0.017580370604991912,
      0.017550763860344886,
      0.017535177618265153,
      0.0175199281424284,
      0.017499953135848047,
      0.017487010546028615,
      0.01747835110872984,
      0.0174695935100317,
      0.01746457889676094,
      0.01746137663722038,
      0.017458518594503404,
      0.017457100749015807,
      0.017456567287445067
    ],
    "test_loss": [
      0.35149452090263367,
      0.32994675636291504,
      0.2939726412296295,
      0.3046232759952545,
      0.27256500720977783,
      0.25440657138824463,
      0.2496238797903061,
      0.24273544549942017,
      0.23902848362922668,
      0.2381640076637268,
      0.24049891531467438,
      0.24031543731689453,
      0.23558802902698517,
      0.23069986701011658,
      0.22990453243255615,
      0.2327929586172104,
      0.23273701965808868,
      0.23278196156024933,
      0.23265840113162994,
      0.23172779381275177,
      0.23143704235553741,
      0.23293748497962952,
      0.23211373388767242,
      0.2325911521911621,
      0.23261405527591705,
      0.23476791381835938,
      0.23554931581020355,
      0.23477286100387573,
      0.23420603573322296,
      0.2352854162454605,
      0.23717886209487915,
      0.23796658217906952,
      0.23730775713920593,
      0.23684754967689514,
      0.23755335807800293,
      0.23860137164592743,
      0.23801377415657043,
      0.23800234496593475,
      0.23823615908622742,
      0.2393639087677002,
      0.2397751659154892,
      0.23928362131118774,
      0.23902766406536102,
      0.23952379822731018,
      0.24028310179710388,
      0.24048079550266266,
      0.24139095842838287,
      0.2413739711046219,
      0.24176731705665588,
      0.24227899312973022,
      0.24216164648532867,
      0.24231424927711487,
      0.24251748621463776,
      0.24306797981262207,
      0.24354036152362823,
      0.2436622977256775,
      0.24356886744499207,
      0.24395668506622314,
      0.24425968527793884,
      0.24431300163269043,
      0.24454838037490845,
      0.24486228823661804,
      0.24528808891773224,
      0.2452208697795868,
      0.24528470635414124,
      0.24562418460845947,
      0.2457585334777832,
      0.24600708484649658,
      0.24603061378002167,
      0.2461347132921219,
      0.24616076052188873,
      0.2461017370223999,
      0.24620504677295685,
      0.24642381072044373,
      0.24673762917518616,
      0.2467966079711914,
      0.24692802131175995,
      0.24704381823539734,
      0.2469833344221115,
      0.2469109445810318,
      0.24688677489757538,
      0.2468825876712799,
      0.24688996374607086,
      0.24688799679279327,
      0.24695143103599548,
      0.2470109611749649,
      0.24706903100013733,
      0.24711671471595764,
      0.2471538484096527,
      0.24719984829425812,
      0.24723517894744873,
      0.24724529683589935,
      0.2472522109746933,
      0.24725569784641266,
      0.2472534328699112,
      0.24725645780563354,
      0.24726027250289917,
      0.2472628355026245,
      0.24726346135139465,
      0.24726368486881256
    ],