{
  "dataset": "eurosat",
  "seed": 0,
  "shots": 16,
  "criterion": "l2_prob",
  "epochs": 100,
  "lr": 0.001,
  "student": "vitb16",
  "api_queries_train": 0,
  "api_queries_test": 0,
  "primed_test_acc": {
    "test_kl": 0.4382716119289398,
    "train_kl": 0.43024691939353943,
    "last": 0.43024691939353943
  },
  "best_test_kl": 0.011050098575651646,
  "curves": {
    "train_loss": [
      0.02950582392513752,
      0.02060413882136345,
      0.015809250995516777,
      0.012097576074302197,
      0.009112769924104213,
      0.007920540869235992,
      0.006962045188993215,
      0.005963890720158816,
      0.005187076982110739,
      0.004687553644180298,
      0.004203486023470759,
      0.0035944693256169556,
      0.0033797334879636766,
      0.0030770766083151103,
      0.002853848459199071,
      0.0026327614206820725,
      0.0024586327373981474,
      0.00232594721019268,
      0.002173456409946084,
      0.0020613093860447408,
      0.001917947269976139,
      0.0018238764023408294,
      0.0017339524580165743,
      0.001566490577533841,
      0.0014834762085229158,
      0.0013891172362491488,
      0.0013157856417819857,
      0.0012436792603693902,
      0.0011636110953986644,
      0.0011322584236040712,
      0.0010706287110224366,
      0.0010249332408420742,
      0.0009832047158852219,
      0.0009487522300332784,
      0.0009259490529075265,
      0.0009028958855196833,
      0.0008818357717245817,
      0.0008562157279811799,
      0.000839872402139008,
      0.0008178969263099134,
      0.0007970738224685192,
      0.0007800579885952174,
      0.0007630212465301156,
      0.0007493763463571667,
      0.0007327157247345895,
      0.0007195348618552089,
      0.0007063445053063333,
      0.0006941909668967128,
      0.0006829298683442176,
      0.0006711927126161754,
      0.0006602427223697305,
      0.0006507342332042754,
      0.0006409575929865241,
      0.0006316959392279386,
      0.000622896512504667,
      0.0006148772605229169,
      0.0006065850961022079,
      0.0005992204532958567,
      0.0005922090145759285,
      0.0005852949339896441,
      0.0005787157453596592,
      0.0005721498862840235,
      0.0005668775876984001,
      0.0005628386279568076,
      0.0005569343047682196,
      0.0005519143189303577,
      0.0005471720709465444,
      0.0005430282093584537,
      0.000538272550329566,
      0.0005348980776034296,
      0.0005315008747857064,
      0.00052812882931903,
      0.0005250197253189981,
      0.0005222850537393242,
      0.00051970622735098,
      0.000517218594904989,
      0.0005146407405845821,
      0.0005129554541781544,
      0.0005109699908643961,
      0.0005089495214633643,
      0.0005073251435533166,
      0.0005058929673396051,
      0.0005046098551247269,
      0.0005034036817960441,
      0.0005023695237468928,
      0.0005013285088352859,
      0.0005003468715585769,
      0.0004996327334083617,
      0.0004989164415746927,
      0.0004983507096767426,
      0.0004979414807166904,
      0.000497565942350775,
      0.0004972874943632632,
      0.0004970290989149362,
      0.0004968560475390405,
      0.0004967247543390841,
      0.000496622419450432,
      0.0004965708358213305,
      0.000496542698238045,
      0.000496531865792349
    ],
    "test_loss": [
      0.023168547078967094,
      0.018059568479657173,
      0.016092415899038315,
      0.0136758117005229,
      0.012669412419199944,
      0.01222051028162241,
      0.01189249288290739,
      0.011647212319076061,
      0.011693128384649754,
      0.011574437841773033,
      0.011340365745127201,
      0.011299079284071922,
      0.0113454544916749,
      0.011431274935603142,
      0.011468805372714996,
      0.011328525841236115,
      0.011286708526313305,
      0.01133778877556324,
      0.01137528195977211,
      0.011375986970961094,
      0.011153831146657467,
      0.011050098575651646,
      0.011160447262227535,
      0.01134512946009636,
      0.011371930129826069,
      0.011229142546653748,
      0.011159420013427734,
      0.011211462318897247,
      0.01132554467767477,
      0.01130339689552784,
      0.011246936395764351,
      0.011220470070838928,
      0.011229225434362888,
      0.011209877207875252,
      0.011229127645492554,
      0.011187403462827206,
      0.011179288849234581,
      0.011163887567818165,
      0.011196211911737919,
      0.011195449158549309,
      0.011174580082297325,
      0.011164301075041294,
      0.011163098737597466,
      0.011157185770571232,
      0.011189138516783714,
      0.011203411966562271,
      0.011189856566488743,
      0.011174038983881474,
      0.011156570166349411,
      0.011155690997838974,
      0.011148516088724136,
      0.011152303777635098,
      0.011135267093777657,
      0.01113636139780283,
      0.011152445338666439,
      0.011151542887091637,
      0.011140899732708931,
      0.011130365543067455,
      0.011130109429359436,
      0.011142080649733543,
      0.011140933260321617,
      0.011113844811916351,
      0.011098329909145832,
      0.011104060336947441,
      0.011107103899121284,
      0.011108151637017727,
      0.011114232242107391,
      0.011117384769022465,
      0.011122462339699268,
      0.011123685166239738,
      0.01112516038119793,
      0.01112662348896265,
      0.0111232940107584,
      0.011121951043605804,
      0.011121821589767933,
      0.011117062531411648,
      0.011118194088339806,
      0.011116771958768368,
      0.011115051805973053,
      0.011114777997136116,
      0.011114365421235561,
      0.011112933978438377,
      0.011112384498119354,
      0.01111171767115593,
      0.01111342292279005,
      0.011115810833871365,
      0.011115643195807934,
      0.011116483248770237,
      0.011115679517388344,
      0.011114349588751793,
      0.011113030835986137,
      0.011112242005765438,
      0.01111175213009119,
      0.011112087406218052,
      0.011112186126410961,
      0.011112254112958908,
      0.011112501844763756,
      0.011112585663795471,
      0.011112607084214687,
      0.011112609878182411
    ],