{
  "dataset": "dtd",
  "seed": 2,
  "shots": 16,
  "criterion": "kl",
  "epochs": 100,
  "lr": 0.001,
  "student": "vitb16",
  "api_queries_train": 752,
  "api_queries_test": 0,
  "primed_test_acc": {
    "test_kl": 0.40130025148391724,
    "train_kl": 0.39716312289237976,
    "last": 0.39716312289237976
  },
  "best_test_kl": 0.47723066806793213,
  "curves": {
    "train_loss": [
      1.4117124664022567,
      0.6114525046754391,
      0.4059451399965489,
      0.3096036086691187,
      0.2535566510038173,
      0.2152637706158009,
      0.18969649900781346,
      0.17008287760805577,
      0.15452313803611917,
      0.14189782041184446,
      0.1312060349799217,
      0.12141409548039132,
      0.11392823638434106,
      0.1072904608668165,
      0.10116840249046366,
      0.0963448961364462,
      0.09156538450971563,
      0.08753028401034943,
      0.08358378914442469,
      0.08027153842626734,
      0.07729215285879501,
      0.07450371092938363,
      0.07203215820358154,
      0.06962336187667036,
      0.06716399037457527,
      0.06525750759434193,
      0.06376582162177309,
      0.06186995013280118,
      0.06026547521035722,
      0.05919607554344421,
      0.05741802507892568,
      0.05592481482853281,
      0.05434501519862642,
      0.053258099771560506,
      0.0520727720032347,
      0.05092465655600771,
      0.04989012869748664,
      0.049051209491618133,
      0.04831984131894213,
      0.04769136075009691,
      0.04665261396068208,
      0.04595644050773154,
      0.04516793961854691,
      0.044490512698254686,
      0.04380764828083363,
      0.04313539396575157,
      0.042575445026159286,
      0.041950858812382884,
      0.04130228791148104,
      0.04076075815456979,
      0.04030863441368367,
      0.039847384266396786,
      0.03944554940817204,
      0.039224098099673047,
      0.03873170896413478,
      0.03826034861676236,
      0.03780892903500415,
      0.037432673129629584,
      0.03710968253460336,
      0.03677843542809182,
      0.03647228924834982,
      0.036207616646239095,
      0.03595395211843734,
      0.03567665823279543,
      0.03544546322936707,
      0.0352444958655124,
      0.034993936882374135,
      0.03478238802958042,
      0.03461001234802794,
      0.03442718643457331,
      0.03424176613384105,
      0.0340791531699769,
      0.033937716103614644,
      0.03379964448036032,
      0.03365873307623762,
      0.03351991338298676,
      0.033420052696415715,
      0.0333098238135906,
      0.033205734328069586,
      0.03313224001767787,
      0.03304285968237735,
      0.032969530354788966,
      0.032888590893212784,
      0.032826720400059475,
      0.03277165315886761,
      0.0327172818336081,
      0.03266935557761091,
      0.03263099396482427,
      0.03259574867626454,
      0.03256510285303948,
      0.03253827339157145,
      0.032518827296951984,
      0.03250042325321664,
      0.03248461878838691,
      0.03247374660791235,
      0.03246414217543095,
      0.03245777303868152,
      0.03245355133363541,
      0.032451218350770625,
      0.03245009402645395
    ],
    "test_loss": [
      0.9438847303390503,
      0.6598414182662964,
      0.5838367938995361,
      0.5479322075843811,
      0.5294716358184814,
      0.5169057846069336,
      0.5073546171188354,
      0.4995977282524109,
      0.49453070759773254,
      0.49085941910743713,
      0.48688194155693054,
      0.4849611818790436,
      0.4821133315563202,
      0.4819704294204712,
      0.48060768842697144,
      0.47963955998420715,
      0.4795159697532654,
      0.4789973497390747,
      0.47994792461395264,
      0.47723066806793213,
      0.48026278614997864,
      0.4780743718147278,
      0.4802393913269043,
      0.47994905710220337,
      0.48032286763191223,
      0.48066967725753784,
      0.48195624351501465,
      0.4823164939880371,
      0.48311805725097656,
      0.4827960729598999,
      0.4831978976726532,
      0.484842985868454,
      0.48451119661331177,
      0.48519274592399597,
      0.4863055944442749,
      0.4865281581878662,
      0.487587571144104,
      0.48840245604515076,
      0.4890783429145813,
      0.48855850100517273,
      0.4909777045249939,
      0.4899079203605652,
      0.49145442247390747,
      0.49214789271354675,
      0.49261292815208435,
      0.4931733310222626,
      0.4934275150299072,
      0.4940471351146698,
      0.4950467646121979,
      0.4956623315811157,
      0.4961491823196411,
      0.4966617226600647,
      0.49682945013046265,
      0.49826669692993164,
      0.49790656566619873,
      0.4988960921764374,
      0.49900180101394653,
      0.49962320923805237,
      0.499778151512146,
      0.500578761100769,
      0.5007961392402649,
      0.5013571381568909,
      0.5017707943916321,
      0.5017829537391663,
      0.5022969841957092,
      0.502816915512085,
      0.5030456185340881,
      0.5032250285148621,
      0.5035027861595154,
      0.5039260983467102,
      0.5041535496711731,
      0.5042336583137512,
      0.5045946836471558,
      0.5050296783447266,
      0.5051698684692383,
      0.5051519870758057,
      0.5054344534873962,
      0.5056349635124207,
      0.5057116150856018,
      0.5058683156967163,
      0.5058960914611816,
      0.5062479376792908,
      0.5062456727027893,
      0.5063005685806274,
      0.5063948631286621,
      0.5064952373504639,
      0.5065317749977112,
      0.5065744519233704,
      0.50665283203125,
      0.5067118406295776,
      0.5067247748374939,
      0.5067588686943054,
      0.5067788362503052,
      0.5068026185035706,
      0.5068175196647644,
      0.5068218111991882,
      0.5068259835243225,
      0.5068270564079285,
      0.5068280696868896,
      0.5068281292915344
    ],