{
  "dataset": "eurosat",
  "seed": 0,
  "shots": 16,
  "criterion": "ce",
  "epochs": 100,
  "lr": 0.001,
  "student": "vitb16",
  "api_queries_train": 0,
  "api_queries_test": 0,
  "primed_test_acc": {
    "test_kl": 0.43530863523483276,
    "train_kl": 0.43172839283943176,
    "last": 0.43172839283943176
  },
  "best_test_kl": 1.8198117017745972,
  "curves": {
    "train_loss": [
      2.53348126411438,
      2.1267157554626466,
      1.9867114782333375,
      1.8729503870010376,
      1.7905986785888672,
      1.7603418350219726,
      1.7326600313186646,
      1.7068349123001099,
      1.68069429397583,
      1.66084566116333,
      1.6473659992218017,
      1.6309494972229004,
      1.618201732635498,
      1.6080790519714356,
      1.6005009651184081,
      1.5934892892837524,
      1.5868255853652955,
      1.5823645114898681,
      1.576500368118286,
      1.5727035045623778,
      1.5681793212890625,
      1.5643641471862793,
      1.56219425201416,
      1.5583518981933593,
      1.5562029838562013,
      1.553739643096924,
      1.5514418840408326,
      1.5492070198059082,
      1.546936845779419,
      1.545559549331665,
      1.5437403202056885,
      1.5420639514923096,
      1.5407247066497802,
      1.539397644996643,
      1.5382644891738892,
      1.5370614528656006,
      1.5360068559646607,
      1.5348823308944701,
      1.5341455936431885,
      1.5332243680953979,
      1.532217311859131,
      1.5315326690673827,
      1.5307236194610596,
      1.530117678642273,
      1.5294347047805785,
      1.5288069248199463,
      1.5282193422317505,
      1.5276865482330322,
      1.5272166728973389,
      1.5266710281372071,
      1.5262197017669679,
      1.525831365585327,
      1.5254210233688354,
      1.5250590324401856,
      1.524640941619873,
      1.524271011352539,
      1.5239286184310914,
      1.5236416816711427,
      1.5233446121215821,
      1.5230622291564941,
      1.522806978225708,
      1.5225065708160401,
      1.522291111946106,
      1.522103977203369,
      1.5218966245651244,
      1.5216638088226317,
      1.521484899520874,
      1.5213142395019532,
      1.521115517616272,
      1.520970344543457,
      1.5208212614059449,
      1.5206801414489746,
      1.5205601692199706,
      1.5204355239868164,
      1.5203439950942994,
      1.5202332973480224,
      1.5201308727264404,
      1.5200605154037476,
      1.5199803829193115,
      1.5198949575424194,
      1.5198296070098878,
      1.5197672128677369,
      1.5197163105010987,
      1.519673752784729,
      1.519627857208252,
      1.5195846080780029,
      1.5195475578308106,
      1.519517421722412,
      1.5194904327392578,
      1.5194679260253907,
      1.5194509983062745,
      1.5194358348846435,
      1.5194248676300048,
      1.5194148540496826,
      1.5194075584411622,
      1.519402551651001,
      1.51939857006073,
      1.5193962574005127,
      1.5193950653076171,
      1.5193945646286011
    ],
    "test_loss": [
      2.1823606491088867,
      2.0512571334838867,
      1.9857295751571655,
      1.9221383333206177,
      1.8930994272232056,
      1.8721506595611572,
      1.8602075576782227,
      1.8586974143981934,
      1.8516899347305298,
      1.8491779565811157,
      1.841524600982666,
      1.8366609811782837,
      1.8362524509429932,
      1.833314299583435,
      1.8302922248840332,
      1.8253414630889893,
      1.8242807388305664,
      1.8256068229675293,
      1.829081654548645,
      1.831872582435608,
      1.8260554075241089,
      1.8210400342941284,
      1.8212822675704956,
      1.8265538215637207,
      1.8300237655639648,
      1.8249690532684326,
      1.8218377828598022,
      1.822988748550415,
      1.8262666463851929,
      1.8254653215408325,
      1.8234225511550903,
      1.821474313735962,
      1.8214596509933472,
      1.8210325241088867,
      1.8225163221359253,
      1.8216023445129395,
      1.8212774991989136,
      1.8198117017745972,
      1.8206965923309326,
      1.8211075067520142,
      1.8220235109329224,
      1.8225457668304443,
      1.8223724365234375,
      1.8220875263214111,
      1.822891354560852,
      1.8236418962478638,
      1.823624610900879,
      1.8230257034301758,
      1.821813702583313,
      1.8220036029815674,
      1.8227088451385498,
      1.823646903038025,
      1.823119878768921,
      1.8222928047180176,
      1.822580099105835,
      1.8228003978729248,
      1.822848916053772,
      1.8225990533828735,
      1.8228381872177124,
      1.823456048965454,
      1.8233424425125122,
      1.8221503496170044,
      1.8216379880905151,
      1.8218815326690674,
      1.8223893642425537,
      1.8229656219482422,
      1.8237563371658325,
      1.8240103721618652,
      1.8240059614181519,
      1.8238028287887573,
      1.8236557245254517,
      1.8236024379730225,
      1.8235204219818115,
      1.8237920999526978,
      1.8241266012191772,
      1.8241198062896729,
      1.8241615295410156,
      1.8239039182662964,
      1.8238245248794556,
      1.8238261938095093,
      1.8238931894302368,
      1.8237979412078857,
      1.823725938796997,
      1.8236572742462158,
      1.823714256286621,
      1.823845386505127,
      1.823909878730774,
      1.8239827156066895,
      1.8239848613739014,
      1.8239187002182007,
      1.8238729238510132,
      1.8238492012023926,
      1.823838233947754,
      1.823858380317688,
      1.8238667249679565,
      1.823872685432434,
      1.8238859176635742,
      1.8238916397094727,
      1.8238933086395264,
      1.823893427848816
    ],