{
  "dataset": "flowers102",
  "seed": 0,
  "shots": 16,
  "criterion": "kl",
  "epochs": 100,
  "lr": 0.001,
  "student": "vitb16",
  "api_queries_train": 1632,
  "api_queries_test": 2463,
  "primed_test_acc": {
    "test_kl": 0.7275680303573608,
    "train_kl": 0.7263500094413757,
    "last": 0.7263500094413757
  },
  "best_test_kl": 0.3405987322330475,
  "curves": {
    "train_loss": [
      1.7827718328027164,
      0.45099003875956817,
      0.3101251020151026,
      0.23949415368192337,
      0.1998328262684392,
      0.1726645126062281,
      0.15138098918924145,
      0.1382924397202099,
      0.12554118972198636,
      0.11789222792083141,
      0.11077278209667579,
      0.10388934203222686,
      0.09749139436319762,
      0.09359972398070728,
      0.08958286660559037,
      0.08742863232014227,
      0.08375410618735295,
      0.0837268632124452,
      0.08406190004418879,
      0.0800259791168512,
      0.07862731843602423,
      0.0767467913090014,
      0.07065785091881659,
      0.06917252961327047,
      0.07039062664204952,
      0.0672306527986246,
      0.06355620380125794,
      0.06164947166746738,
      0.06243303681121153,
      0.06265714129104334,
      0.057885316584040135,
      0.05569714760663463,
      0.05759984999895096,
      0.056109763535798766,
      0.054797929145541845,
      0.05134755489872951,
      0.04906450701402683,
      0.04819722780409981,
      0.04751645744431252,
      0.0447382926940918,
      0.043629886253791696,
      0.04181519581698904,
      0.04075088797538888,
      0.039948303763772924,
      0.040419141305427925,
      0.039419621886575926,
      0.03911787746291535,
      0.03782030158475334,
      0.03655501352805717,
      0.03665589548501314,
      0.035641697399756485,
      0.034342423300532735,
      0.033637941906265185,
      0.03303331085572056,
      0.03291780202119958,
      0.03208317877907379,
      0.031415262643028706,
      0.03106713032021242,
      0.030643411345925985,
      0.030326114090926507,
      0.03005070732358624,
      0.029839746288809123,
      0.029573463341769052,
      0.029314434557568794,
      0.029175736302254247,
      0.028940497952349046,
      0.02870408372551787,
      0.028595178223708096,
      0.028377431682219692,
      0.028228959141700875,
      0.02806314146694015,
      0.027920686219837152,
      0.027792370385106874,
      0.0276652279437757,
      0.02754148329589881,
      0.027433878723897187,
      0.02735143951049038,
      0.02725493827579068,
      0.02716523441759979,
      0.02707138504175579,
      0.026995226740837097,
      0.02694426060599439,
      0.02688502308492567,
      0.026813156975834977,
      0.026767896013517006,
      0.026706967137607875,
      0.026664267129757824,
      0.026620392267610513,
      0.026593617875786388,
      0.026566374462609198,
      0.02653279129927065,
      0.026513122314331578,
      0.026492726130812775,
      0.026476402931353626,
      0.02646373343818328,
      0.02645427551047475,
      0.02644753609510029,
      0.026441915727713528,
      0.02643843784051783,
      0.02643704381497467
    ],
    "test_loss": [
      0.6162204742431641,
      0.48072320222854614,
      0.43110591173171997,
      0.4104573130607605,
      0.39550963044166565,
      0.3845508098602295,
      0.37910589575767517,
      0.37465155124664307,
      0.367559552192688,
      0.3698766231536865,
      0.3618493676185608,
      0.3572885990142822,
      0.35679295659065247,
      0.3560684621334076,
      0.3663388788700104,
      0.3535219728946686,
      0.35836973786354065,
      0.3501468300819397,
      0.35288259387016296,
      0.35660290718078613,
      0.36338579654693604,
      0.35006076097488403,
      0.3587377965450287,
      0.35322126746177673,
      0.35010337829589844,
      0.3568955957889557,
      0.35371068120002747,
      0.3507211208343506,
      0.35328900814056396,
      0.3495883047580719,
      0.34618279337882996,
      0.3487045466899872,
      0.35368475317955017,
      0.3497995436191559,
      0.34781086444854736,
      0.346921443939209,
      0.3426511883735657,
      0.34739992022514343,
      0.34908929467201233,
      0.34844422340393066,
      0.34700602293014526,
      0.34152135252952576,
      0.34359297156333923,
      0.3412010073661804,
      0.3492084741592407,
      0.3434711694717407,
      0.3454316258430481,
      0.34629833698272705,
      0.34711673855781555,
      0.34473174810409546,
      0.34331703186035156,
      0.3420819938182831,
      0.34242090582847595,
      0.34068500995635986,
      0.3405987322330475,
      0.3409421145915985,
      0.3409479558467865,
      0.34209442138671875,
      0.341641902923584,
      0.3411281108856201,
      0.34110885858535767,
      0.3411928117275238,
      0.3412145972251892,
      0.34150248765945435,
      0.34146371483802795,
      0.3416862487792969,
      0.34186577796936035,
      0.341281533241272,
      0.34154826402664185,
      0.3413400650024414,
      0.3414560556411743,
      0.34168511629104614,
      0.341513991355896,
      0.3416541516780853,
      0.34144505858421326,
      0.34136703610420227,
      0.341789186000824,
      0.34178879857063293,
      0.3414379954338074,
      0.34181371331214905,
      0.34193024039268494,
      0.3417980670928955,
      0.341704398393631,
      0.341891348361969,
      0.3418923318386078,
      0.3418317139148712,
      0.341776967048645,
      0.34181126952171326,
      0.34185993671417236,
      0.3418046534061432,
      0.3418225646018982,
      0.3418315649032593,
      0.34182846546173096,
      0.3418503999710083,
      0.34186965227127075,
      0.3418591320514679,
      0.3418552279472351,
      0.3418601453304291,
      0.3418564200401306,
      0.3418559730052948
    ],